ISO3,Month,Month_Name,Score_Oportunidad,Avg_Score_Disponibilidad,Avg_Saturation_Index,IOI
ALB,1,Enero,7.5,3.99,0.898,29.92
ALB,2,Febrero,0.0,5.41,0.685,0.0
ALB,3,Marzo,7.5,4.37,0.84,32.77
ALB,4,Abril,0.0,4.13,0.876,0.0
ALB,5,Mayo,2.5,3.96,0.901,9.91
ALB,6,Junio,2.5,3.22,1.013,8.05
ALB,7,Julio,1.25,1.34,1.297,1.68
ALB,8,Agosto,0.0,0.0,1.502,0.0
ALB,9,Septiembre,5.0,2.21,1.164,11.07
ALB,10,Octubre,1.25,3.41,0.982,4.27
ALB,11,Noviembre,8.75,4.33,0.844,37.9
ALB,12,Diciembre,10.0,3.32,0.999,33.19
ARE,1,Enero,2.0,0.58,1.066,1.17
ARE,2,Febrero,2.0,1.76,0.932,3.53
ARE,3,Marzo,0.0,0.86,1.035,0.0
ARE,4,Abril,2.0,0.99,1.02,1.98
ARE,5,Mayo,2.0,1.54,0.958,3.08
ARE,6,Junio,4.0,2.11,0.893,8.45
ARE,7,Julio,8.0,0.78,1.045,6.24
ARE,8,Agosto,8.0,0.0,1.132,0.0
ARE,9,Septiembre,10.0,1.05,1.013,10.5
ARE,10,Octubre,10.0,1.47,0.966,14.73
ARE,11,Noviembre,8.0,2.06,0.899,16.46
ARE,12,Diciembre,10.0,0.8,1.041,8.0
ARG,1,Enero,2.31,0.0,1.147,0.0
ARG,2,Febrero,6.15,0.95,1.038,5.85
ARG,3,Marzo,7.69,0.76,1.059,5.85
ARG,4,Abril,10.0,1.74,0.947,17.4
ARG,5,Mayo,4.62,1.83,0.937,8.45
ARG,6,Junio,5.38,2.4,0.871,12.92
ARM,1,Enero,10.0,4.49,0.797,44.93
ARM,2,Febrero,0.0,5.61,0.635,0.0
ARM,3,Marzo,1.25,4.87,0.743,6.09
ARM,4,Abril,1.25,4.16,0.846,5.2
ARM,5,Mayo,3.75,3.54,0.936,13.29
ARM,6,Junio,0.0,2.57,1.079,0.0
ARM,7,Julio,1.67,0.81,1.333,1.35
ARM,8,Agosto,0.42,0.0,1.451,0.0
ARM,9,Septiembre,1.67,1.9,1.172,3.17
ARM,10,Octubre,0.0,2.55,1.079,0.0
ARM,11,Noviembre,0.0,3.79,0.9,0.0
ARM,12,Diciembre,1.25,3.24,0.978,4.06
AUS,1,Enero,5.26,0.44,1.036,2.3
AUS,2,Febrero,0.0,1.75,0.894,0.0
AUS,3,Marzo,7.37,0.92,0.984,6.75
AUS,4,Abril,10.0,0.94,0.982,9.4
AUS,5,Mayo,0.0,1.48,0.923,0.0
AUS,6,Junio,0.0,1.37,0.935,0.0
AUS,7,Julio,0.0,0.19,1.063,0.0
AUS,8,Agosto,0.0,0.73,1.005,0.0
AUS,9,Septiembre,0.0,0.59,1.019,0.0
AUS,10,Octubre,0.0,0.16,1.066,0.0
AUS,11,Noviembre,0.0,0.68,1.01,0.0
AUS,12,Diciembre,3.68,0.02,1.082,0.06
AUT,1,Enero,6.67,3.38,0.802,22.51
AUT,2,Febrero,0.0,3.43,0.795,0.0
AUT,3,Marzo,1.11,2.1,0.957,2.33
AUT,4,Abril,10.0,2.11,0.955,21.11
AUT,5,Mayo,8.89,1.36,1.046,12.13
AUT,6,Junio,4.44,0.87,1.106,3.86
AUT,7,Julio,0.0,0.08,1.202,0.0
AUT,8,Agosto,3.33,0.13,1.196,0.43
AUT,9,Septiembre,0.0,0.41,1.161,0.0
AUT,10,Octubre,3.33,1.38,1.044,4.6
AUT,11,Noviembre,3.33,2.93,0.856,9.77
AUT,12,Diciembre,8.89,2.75,0.878,24.44
BEL,1,Enero,1.88,4.35,0.725,8.15
BEL,2,Febrero,0.0,4.26,0.736,0.0
BEL,3,Marzo,2.5,3.24,0.866,8.11
BEL,4,Abril,10.0,2.29,0.987,22.93
BEL,5,Mayo,5.0,1.51,1.089,7.53
BEL,6,Junio,2.5,1.41,1.102,3.52
BEL,7,Julio,1.25,0.01,1.281,0.02
BEL,8,Agosto,1.88,0.23,1.253,0.43
BEL,9,Septiembre,0.0,0.82,1.177,0.0
BEL,10,Octubre,0.0,1.56,1.082,0.0
BEL,11,Noviembre,4.38,3.14,0.88,13.73
BEL,12,Diciembre,3.12,3.58,0.823,11.2
BGR,1,Enero,2.35,7.75,0.5,18.24
BGR,2,Febrero,0.0,7.93,0.46,0.0
BGR,3,Marzo,2.35,7.63,0.526,17.95
BGR,4,Abril,10.0,7.42,0.573,74.16
BGR,5,Mayo,8.82,6.31,0.819,55.72
BGR,6,Junio,0.0,2.89,1.586,0.0
BGR,7,Julio,0.0,0.12,2.205,0.0
BGR,8,Agosto,0.0,0.08,2.215,0.0
BGR,9,Septiembre,4.12,3.6,1.426,14.81
BGR,10,Octubre,0.0,7.02,0.66,0.0
BGR,11,Noviembre,0.0,7.77,0.494,0.0
BGR,12,Diciembre,5.29,7.58,0.537,40.15
BHR,1,Enero,2.73,1.04,1.062,2.83
BHR,2,Febrero,1.82,2.34,0.907,4.26
BHR,3,Marzo,0.0,1.5,1.008,0.0
BHR,4,Abril,0.0,1.3,1.03,0.0
BHR,5,Mayo,1.82,1.71,0.983,3.1
BHR,6,Junio,1.82,2.48,0.894,4.51
BHR,7,Julio,1.82,1.23,1.038,2.24
BHR,8,Agosto,3.64,0.0,1.186,0.0
BHR,9,Septiembre,6.36,1.11,1.054,7.06
BHR,10,Octubre,7.27,2.31,0.913,16.8
BHR,11,Noviembre,2.73,2.42,0.898,6.6
BHR,12,Diciembre,10.0,1.34,1.027,13.45
BIH,1,Enero,7.78,5.89,0.631,45.84
BIH,2,Febrero,0.0,6.15,0.593,0.0
BIH,3,Marzo,4.44,4.98,0.772,22.13
BIH,4,Abril,0.0,3.68,0.972,0.0
BIH,5,Mayo,10.0,2.63,1.132,26.28
BIH,6,Junio,0.0,2.28,1.184,0.0
BIH,7,Julio,0.0,0.51,1.465,0.0
BIH,8,Agosto,0.0,0.7,1.432,0.0
BIH,9,Septiembre,0.0,2.07,1.22,0.0
BIH,10,Octubre,0.0,2.88,1.095,0.0
BIH,11,Noviembre,4.44,4.74,0.808,21.09
BIH,12,Diciembre,0.0,5.46,0.697,0.0
BLR,1,Enero,10.0,5.94,0.643,59.45
BLR,2,Febrero,0.0,6.68,0.526,0.0
BLR,3,Marzo,8.57,5.76,0.67,49.37
BLR,4,Abril,5.71,4.89,0.802,27.94
BLR,5,Mayo,8.57,4.32,0.901,36.99
BLR,6,Junio,0.0,0.93,1.433,0.0
BLR,7,Julio,2.86,0.59,1.497,1.69
BLR,8,Agosto,0.0,0.26,1.468,0.0
BLR,9,Septiembre,0.0,1.94,1.212,0.0
BLR,10,Octubre,0.0,3.5,0.974,0.0
BLR,11,Noviembre,5.71,4.52,0.816,25.8
BLR,12,Diciembre,2.86,4.46,0.824,12.76
BRA,1,Enero,3.33,0.4,1.25,1.33
BRA,2,Febrero,0.0,2.69,0.894,0.0
BRA,3,Marzo,3.33,2.2,0.955,7.32
BRA,4,Abril,10.0,2.27,0.942,22.66
BRA,5,Mayo,2.22,2.19,0.953,4.86
BRA,6,Junio,0.0,2.39,0.929,0.0
BRA,7,Julio,0.0,1.03,1.096,0.0
BRA,8,Agosto,0.0,1.72,1.011,0.0
BRA,9,Septiembre,3.33,1.87,0.993,6.24
BRA,10,Octubre,3.33,1.6,1.026,5.35
BRA,11,Noviembre,6.67,1.9,0.989,12.66
BRA,12,Diciembre,2.22,1.85,0.961,4.11
BRB,1,Enero,4.5,0.13,1.311,0.6
BRB,2,Febrero,0.0,1.09,1.184,0.0
BRB,3,Marzo,2.0,0.99,1.197,1.98
BRB,4,Abril,10.0,2.8,0.956,28.03
BRB,5,Mayo,5.0,3.9,0.81,19.48
BRB,6,Junio,2.0,4.17,0.775,8.33
BRB,7,Julio,0.0,2.76,0.962,0.0
BRB,8,Agosto,6.5,2.69,0.97,17.51
BRB,9,Septiembre,0.0,4.87,0.681,0.0
BRB,10,Octubre,0.0,4.37,0.748,0.0
BRB,11,Noviembre,1.5,1.8,1.089,2.7
BRB,12,Diciembre,3.5,0.09,1.316,0.33
CAN,1,Enero,3.75,2.11,0.943,7.9
CAN,2,Febrero,0.0,2.4,0.908,0.0
CAN,3,Marzo,2.5,1.3,1.039,3.26
CAN,4,Abril,10.0,1.81,0.979,18.06
CAN,5,Mayo,6.25,1.93,0.964,12.06
CAN,6,Junio,0.0,1.57,1.007,0.0
CAN,7,Julio,3.75,0.41,1.146,1.52
CAN,8,Agosto,6.25,0.0,1.195,0.0
CAN,9,Septiembre,6.25,1.74,0.987,10.89
CAN,10,Octubre,6.25,1.97,0.96,12.29
CAN,11,Noviembre,3.75,2.69,0.873,10.1
CAN,12,Diciembre,4.38,1.63,1.0,7.15
CHE,1,Enero,10.0,2.85,0.851,28.48
CHE,2,Febrero,0.0,2.92,0.842,0.0
CHE,3,Marzo,0.0,1.69,0.989,0.0
CHE,4,Abril,0.0,1.65,0.994,0.0
CHE,5,Mayo,0.0,1.47,1.016,0.0
CHE,6,Junio,0.0,1.23,1.044,0.0
CHE,7,Julio,0.0,0.03,1.187,0.0
CHE,8,Agosto,10.0,0.2,1.167,1.99
CHE,9,Septiembre,0.0,0.91,1.083,0.0
CHE,10,Octubre,0.0,0.82,1.093,0.0
CHE,11,Noviembre,0.0,3.01,0.832,0.0
CHE,12,Diciembre,6.67,2.42,0.902,16.13
CHL,1,Enero,2.73,0.11,1.13,0.31
CHL,2,Febrero,0.0,0.69,1.064,0.0
CHL,3,Marzo,2.73,2.03,0.909,5.54
CHL,4,Abril,6.36,1.84,0.932,11.73
CHL,5,Mayo,4.55,2.21,0.895,10.06
CHL,6,Junio,4.55,2.6,0.851,11.81
CHL,7,Julio,4.55,0.92,1.044,4.18
CHL,8,Agosto,2.73,1.57,0.969,4.29
CHL,9,Septiembre,8.18,1.53,0.973,12.54
CHL,10,Octubre,10.0,0.92,1.044,9.18
CHL,11,Noviembre,4.55,0.58,1.084,2.64
CHL,12,Diciembre,6.36,0.48,1.096,3.04
CHN,1,Enero,7.5,1.94,0.922,14.54
CHN,2,Febrero,8.75,1.83,0.935,16.0
CHN,3,Marzo,0.0,1.56,0.966,0.0
CHN,4,Abril,3.75,1.48,0.975,5.57
CHN,5,Mayo,2.5,1.51,0.972,3.78
CHN,6,Junio,5.0,1.65,0.956,8.27
CHN,7,Julio,0.0,0.34,1.108,0.0
CHN,8,Agosto,0.0,0.6,1.141,0.0
CHN,9,Septiembre,5.0,1.56,1.016,7.82
CHN,10,Octubre,10.0,1.14,1.07,11.43
CHN,11,Noviembre,0.0,1.96,0.964,0.0
CHN,12,Diciembre,0.0,1.75,0.991,0.0
COL,1,Enero,5.91,1.29,0.986,7.6
COL,2,Febrero,0.0,2.66,0.83,0.0
COL,3,Marzo,5.91,1.85,0.921,10.94
COL,4,Abril,3.18,2.07,0.897,6.6
COL,5,Mayo,4.55,1.49,0.963,6.79
COL,6,Junio,10.0,0.89,1.032,8.91
COL,7,Julio,5.91,0.4,1.106,2.39
COL,8,Agosto,5.45,0.48,1.088,2.6
COL,9,Septiembre,0.0,1.36,0.986,0.0
COL,10,Octubre,4.55,0.63,1.07,2.86
COL,11,Noviembre,9.09,0.73,1.059,6.65
COL,12,Diciembre,1.82,0.02,1.14,0.05
CRI,1,Enero,3.0,0.1,1.192,0.3
CRI,2,Febrero,0.0,1.67,1.003,0.0
CRI,3,Marzo,3.0,0.63,1.128,1.89
CRI,4,Abril,10.0,1.54,1.017,15.4
CRI,5,Mayo,2.0,2.92,0.851,5.85
CRI,6,Junio,0.0,2.58,0.893,0.0
CRI,7,Julio,3.0,0.6,1.162,1.8
CRI,8,Agosto,3.0,2.44,0.934,7.32
CRI,9,Septiembre,2.0,3.56,0.796,7.12
CRI,10,Octubre,0.0,3.67,0.783,0.0
CRI,11,Noviembre,1.0,2.55,0.921,2.55
CRI,12,Diciembre,2.0,0.0,1.236,0.0
CYM,1,Enero,9.41,1.28,1.104,12.05
CYM,2,Febrero,0.0,1.98,1.015,0.0
CYM,3,Marzo,2.35,0.0,1.267,0.0
CYM,4,Abril,10.0,1.37,1.092,13.7
CYM,5,Mayo,5.88,2.49,0.95,14.65
CYM,6,Junio,6.47,2.14,0.995,13.85
CYM,7,Julio,5.88,0.83,1.16,4.88
CYM,8,Agosto,0.0,2.1,1.001,0.0
CYM,9,Septiembre,0.0,4.97,0.636,0.0
CYM,10,Octubre,0.0,4.34,0.716,0.0
CYM,11,Noviembre,5.88,2.64,0.931,15.53
CYM,12,Diciembre,4.12,1.06,1.131,4.39
CYP,1,Enero,2.86,7.47,0.427,21.33
CYP,2,Febrero,2.38,7.61,0.402,18.12
CYP,3,Marzo,4.29,6.65,0.565,28.48
CYP,4,Abril,10.0,4.79,0.877,47.94
CYP,5,Mayo,3.33,2.92,1.193,9.73
CYP,6,Junio,3.81,1.86,1.371,7.09
CYP,7,Julio,0.0,0.46,1.608,0.0
CYP,8,Agosto,1.43,0.0,1.686,0.0
CYP,9,Septiembre,0.0,1.34,1.46,0.0
CYP,10,Octubre,3.33,2.29,1.299,7.63
CYP,11,Noviembre,0.0,6.3,0.623,0.0
CYP,12,Diciembre,2.38,7.09,0.49,16.88
CZE,1,Enero,5.45,5.37,0.652,29.27
CZE,2,Febrero,0.0,5.53,0.629,0.0
CZE,3,Marzo,2.73,4.2,0.817,11.44
CZE,4,Abril,10.0,3.5,0.915,35.0
CZE,5,Mayo,3.64,2.77,1.018,10.06
CZE,6,Junio,0.0,1.32,1.222,0.0
CZE,7,Julio,5.45,0.08,1.397,0.43
CZE,8,Agosto,0.0,0.03,1.404,0.0
CZE,9,Septiembre,2.73,0.84,1.289,2.3
CZE,10,Octubre,3.64,2.59,1.043,9.41
CZE,11,Noviembre,1.82,4.26,0.807,7.75
CZE,12,Diciembre,7.27,4.27,0.805,31.09
DEU,1,Enero,1.88,4.0,0.737,7.5
DEU,2,Febrero,0.0,4.1,0.724,0.0
DEU,3,Marzo,2.5,2.64,0.903,6.61
DEU,4,Abril,10.0,2.25,0.952,22.51
DEU,5,Mayo,5.0,1.15,1.087,5.74
DEU,6,Junio,2.5,0.85,1.124,2.12
DEU,7,Julio,0.0,0.09,1.218,0.0
DEU,8,Agosto,0.0,0.1,1.217,0.0
DEU,9,Septiembre,0.0,0.23,1.2,0.0
DEU,10,Octubre,1.88,0.52,1.165,0.97
DEU,11,Noviembre,0.0,2.97,0.864,0.0
DEU,12,Diciembre,5.0,3.41,0.809,17.07
DNK,1,Enero,1.5,3.96,0.767,5.94
DNK,2,Febrero,0.0,3.84,0.782,0.0
DNK,3,Marzo,2.0,2.66,0.933,5.31
DNK,4,Abril,10.0,2.53,0.948,25.31
DNK,5,Mayo,6.0,1.61,1.066,9.63
DNK,6,Junio,2.0,0.84,1.164,1.68
DNK,7,Julio,0.0,0.0,1.27,0.0
DNK,8,Agosto,0.0,0.89,1.157,0.0
DNK,9,Septiembre,0.0,1.19,1.119,0.0
DNK,10,Octubre,0.0,1.3,1.106,0.0
DNK,11,Noviembre,0.0,3.08,0.879,0.0
DNK,12,Diciembre,2.5,3.64,0.807,9.11
DOM,1,Enero,10.0,0.63,1.311,6.29
DOM,2,Febrero,1.58,1.46,1.193,2.31
DOM,3,Marzo,1.58,0.38,1.343,0.6
DOM,4,Abril,5.26,1.61,1.174,8.45
DOM,5,Mayo,2.63,2.81,0.996,7.4
DOM,6,Junio,0.0,3.18,0.897,0.0
DOM,7,Julio,0.0,1.97,1.056,0.0
DOM,8,Agosto,1.58,2.83,0.945,4.47
DOM,9,Septiembre,1.58,5.0,0.675,7.9
DOM,10,Octubre,0.0,4.8,0.698,0.0
DOM,11,Noviembre,3.68,4.86,0.686,17.9
DOM,12,Diciembre,1.05,3.4,0.876,3.58
ECU,1,Enero,3.33,1.12,0.988,3.74
ECU,2,Febrero,5.83,1.68,0.926,9.8
ECU,3,Marzo,5.0,0.78,1.027,3.9
ECU,4,Abril,7.5,1.62,0.934,12.18
ECU,5,Mayo,10.0,1.52,0.944,15.23
ECU,6,Junio,0.0,1.52,0.945,0.0
ECU,7,Julio,0.0,0.39,1.072,0.0
ECU,8,Agosto,6.67,0.03,1.112,0.18
ECU,9,Septiembre,0.0,1.06,0.997,0.0
ECU,10,Octubre,5.0,0.8,1.044,4.0
ECU,11,Noviembre,5.83,1.03,1.017,6.04
ECU,12,Diciembre,4.17,1.0,1.021,4.19
EGY,1,Enero,9.09,2.01,0.975,18.3
EGY,2,Febrero,1.82,2.34,0.889,4.25
EGY,3,Marzo,0.0,1.57,0.982,0.0
EGY,4,Abril,10.0,1.85,0.998,18.53
EGY,5,Mayo,3.64,1.71,1.014,6.22
EGY,6,Junio,3.64,1.54,1.038,5.59
EGY,7,Julio,10.0,1.06,1.093,10.6
EGY,8,Agosto,4.55,0.14,1.209,0.65
EGY,9,Septiembre,4.55,0.96,1.106,4.36
EGY,10,Octubre,9.09,1.62,1.028,14.76
EGY,11,Noviembre,2.73,3.19,0.836,8.71
EGY,12,Diciembre,1.82,3.5,0.813,6.35
ESP,1,Enero,4.0,5.14,0.672,20.56
ESP,2,Febrero,0.0,5.16,0.67,0.0
ESP,3,Marzo,3.0,3.92,0.841,11.77
ESP,4,Abril,7.0,2.99,0.97,20.94
ESP,5,Mayo,4.0,2.18,1.082,8.72
ESP,6,Junio,0.0,1.43,1.187,0.0
ESP,7,Julio,0.0,0.19,1.358,0.0
ESP,8,Agosto,4.0,0.01,1.384,0.03
ESP,9,Septiembre,0.0,1.13,1.228,0.0
ESP,10,Octubre,4.0,1.99,1.108,7.98
ESP,11,Noviembre,4.0,4.47,0.765,17.88
ESP,12,Diciembre,10.0,4.67,0.737,46.7
EST,1,Enero,3.75,4.21,0.717,15.8
EST,2,Febrero,3.75,4.5,0.682,16.87
EST,3,Marzo,3.75,2.92,0.878,10.94
EST,4,Abril,8.75,2.4,0.943,21.0
EST,5,Mayo,2.5,1.06,1.108,2.66
EST,6,Junio,7.5,0.31,1.202,2.32
EST,7,Julio,0.0,0.08,1.23,0.0
EST,8,Agosto,3.75,0.07,1.232,0.25
EST,9,Septiembre,0.0,0.64,1.16,0.0
EST,10,Octubre,0.0,0.82,1.138,0.0
EST,11,Noviembre,0.0,2.88,0.881,0.0
EST,12,Diciembre,10.0,3.3,0.829,33.04
FIN,1,Enero,3.75,2.15,0.874,8.05
FIN,2,Febrero,0.0,2.21,0.866,0.0
FIN,3,Marzo,2.5,1.0,1.001,2.51
FIN,4,Abril,10.0,1.47,0.948,14.73
FIN,5,Mayo,1.25,0.77,1.027,0.97
FIN,6,Junio,0.0,0.02,1.111,0.0
FIN,7,Julio,0.0,0.14,1.097,0.0
FIN,8,Agosto,0.0,0.42,1.066,0.0
FIN,9,Septiembre,0.0,0.55,1.051,0.0
FIN,10,Octubre,0.0,0.36,1.073,0.0
FIN,11,Noviembre,0.0,1.91,0.899,0.0
FIN,12,Diciembre,5.0,1.11,0.988,5.56
FRA,1,Enero,3.0,3.65,0.8,10.96
FRA,2,Febrero,0.0,3.93,0.764,0.0
FRA,3,Marzo,1.0,2.79,0.909,2.79
FRA,4,Abril,9.0,2.0,1.008,17.97
FRA,5,Mayo,10.0,1.45,1.078,14.46
FRA,6,Junio,4.0,1.26,1.102,5.03
FRA,7,Julio,2.0,0.1,1.247,0.2
FRA,8,Agosto,3.0,0.14,1.242,0.42
FRA,9,Septiembre,0.0,1.35,1.09,0.0
FRA,10,Octubre,0.0,1.66,1.051,0.0
FRA,11,Noviembre,7.0,3.38,0.834,23.67
FRA,12,Diciembre,2.0,3.05,0.876,6.09
FRO,1,Enero,1.3,6.32,0.655,8.25
FRO,2,Febrero,0.0,6.74,0.581,0.0
FRO,3,Marzo,1.74,5.17,0.859,8.99
FRO,4,Abril,10.0,4.91,0.91,49.07
FRO,5,Mayo,5.22,3.92,1.085,20.45
FRO,6,Junio,1.74,2.99,1.25,5.21
FRO,7,Julio,1.74,0.0,1.785,0.0
FRO,8,Agosto,0.0,2.09,1.411,0.0
FRO,9,Septiembre,0.0,4.33,1.012,0.0
FRO,10,Octubre,0.0,4.42,0.995,0.0
FRO,11,Noviembre,0.0,5.87,0.737,0.0
FRO,12,Diciembre,4.78,5.96,0.72,28.52
GBR,1,Enero,3.16,4.19,0.748,13.24
GBR,2,Febrero,0.0,4.22,0.745,0.0
GBR,3,Marzo,1.58,3.18,0.878,5.02
GBR,4,Abril,4.21,2.61,0.951,10.98
GBR,5,Mayo,10.0,1.73,1.066,17.26
GBR,6,Junio,0.53,1.02,1.157,0.54
GBR,7,Julio,0.0,0.17,1.266,0.0
GBR,8,Agosto,0.0,0.0,1.288,0.0
GBR,9,Septiembre,0.0,0.85,1.178,0.0
GBR,10,Octubre,0.0,1.64,1.078,0.0
GBR,11,Noviembre,0.0,3.69,0.813,0.0
GBR,12,Diciembre,3.68,3.54,0.832,13.05
GEO,1,Enero,5.5,5.75,0.678,31.61
GEO,2,Febrero,0.0,6.3,0.59,0.0
GEO,3,Marzo,2.5,5.39,0.736,13.48
GEO,4,Abril,10.0,4.99,0.8,49.94
GEO,5,Mayo,5.0,4.13,0.94,20.64
GEO,6,Junio,0.0,3.08,1.106,0.0
GEO,7,Julio,0.0,1.2,1.41,0.0
GEO,8,Agosto,1.0,0.0,1.604,0.0
GEO,9,Septiembre,0.0,1.3,1.394,0.0
GEO,10,Octubre,2.0,3.21,1.085,6.41
GEO,11,Noviembre,1.5,4.79,0.83,7.19
GEO,12,Diciembre,0.0,4.81,0.826,0.0
GIB,1,Enero,4.38,4.79,0.676,20.97
GIB,2,Febrero,0.0,4.38,0.728,0.0
GIB,3,Marzo,8.75,3.15,0.889,27.58
GIB,4,Abril,10.0,2.74,0.945,27.4
GIB,5,Mayo,7.5,1.78,1.07,13.37
GIB,6,Junio,0.62,1.32,1.13,0.82
GIB,7,Julio,0.0,0.34,1.257,0.0
GIB,8,Agosto,0.0,0.08,1.29,0.0
GIB,9,Septiembre,3.12,0.59,1.224,1.84
GIB,10,Octubre,0.0,1.31,1.127,0.0
GIB,11,Noviembre,0.0,3.38,0.858,0.0
GIB,12,Diciembre,3.12,3.79,0.805,11.85
GRC,1,Enero,0.0,8.3,0.35,0.0
GRC,2,Febrero,0.0,8.44,0.321,0.0
GRC,3,Marzo,10.0,8.04,0.403,80.44
GRC,4,Abril,10.0,6.97,0.625,69.67
GRC,5,Mayo,2.5,4.37,1.161,10.93
GRC,6,Junio,0.0,2.28,1.595,0.0
GRC,7,Julio,0.0,0.36,1.991,0.0
GRC,8,Agosto,3.75,0.0,2.066,0.0
GRC,9,Septiembre,0.0,1.85,1.683,0.0
GRC,10,Octubre,0.0,5.15,1.0,0.0
GRC,11,Noviembre,0.0,8.04,0.405,0.0
GRC,12,Diciembre,2.5,8.07,0.398,20.17
GTM,1,Enero,3.75,1.19,1.018,4.46
GTM,2,Febrero,0.0,2.64,0.851,0.0
GTM,3,Marzo,3.75,1.02,1.039,3.83
GTM,4,Abril,10.0,1.49,0.982,14.87
GTM,5,Mayo,2.5,1.94,0.931,4.86
GTM,6,Junio,3.75,1.0,1.06,3.75
GTM,7,Julio,1.25,0.31,1.142,0.38
GTM,8,Agosto,0.0,1.37,1.017,0.0
GTM,9,Septiembre,2.5,3.0,0.825,7.5
GTM,10,Octubre,7.5,2.09,0.932,15.7
GTM,11,Noviembre,3.75,0.83,1.081,3.11
GTM,12,Diciembre,2.5,0.0,1.179,0.0
HKG,1,Enero,4.21,0.97,0.98,4.09
HKG,2,Febrero,4.21,1.42,0.932,5.96
HKG,3,Marzo,2.11,0.86,0.993,1.81
HKG,4,Abril,10.0,0.61,1.02,6.07
HKG,5,Mayo,4.21,0.89,0.989,3.74
HKG,6,Junio,2.11,0.95,0.983,2.01
HKG,7,Julio,3.16,0.22,1.062,0.69
HKG,8,Agosto,0.0,0.06,1.08,0.0
HKG,9,Septiembre,1.58,1.36,0.939,2.15
HKG,10,Octubre,4.21,0.76,1.004,3.18
HKG,11,Noviembre,0.0,1.14,0.962,0.0
HKG,12,Diciembre,3.16,0.28,1.056,0.88
HRV,1,Enero,6.67,8.54,0.312,56.93
HRV,2,Febrero,0.0,8.67,0.284,0.0
HRV,3,Marzo,1.11,8.14,0.397,9.05
HRV,4,Abril,10.0,6.74,0.699,67.36
HRV,5,Mayo,2.22,4.57,1.163,10.16
HRV,6,Junio,6.67,2.76,1.552,18.4
HRV,7,Julio,0.0,0.1,2.122,0.0
HRV,8,Agosto,7.78,0.18,2.105,1.4
HRV,9,Septiembre,0.0,2.42,1.624,0.0
HRV,10,Octubre,3.33,5.38,0.991,17.93
HRV,11,Noviembre,3.33,8.16,0.394,27.19
HRV,12,Diciembre,5.56,8.34,0.356,46.33
HUN,1,Enero,3.33,4.11,0.742,13.69
HUN,2,Febrero,0.0,4.55,0.686,0.0
HUN,3,Marzo,5.83,3.11,0.867,18.13
HUN,4,Abril,10.0,2.29,0.97,22.88
HUN,5,Mayo,6.67,1.61,1.056,10.74
HUN,6,Junio,3.33,1.12,1.118,3.74
HUN,7,Julio,0.0,0.09,1.249,0.0
HUN,8,Agosto,4.17,0.02,1.259,0.06
HUN,9,Septiembre,0.0,0.7,1.172,0.0
HUN,10,Octubre,3.33,1.2,1.109,4.01
HUN,11,Noviembre,3.33,2.87,0.897,9.57
HUN,12,Diciembre,6.67,3.05,0.875,20.3
IND,1,Enero,3.0,1.53,0.966,4.6
IND,2,Febrero,3.0,2.12,0.898,6.38
IND,3,Marzo,10.0,1.68,0.948,16.77
IND,4,Abril,10.0,1.61,0.956,16.1
IND,5,Mayo,1.0,0.82,1.047,0.82
IND,6,Junio,0.0,1.39,0.982,0.0
IND,7,Julio,0.0,1.4,0.981,0.0
IND,8,Agosto,7.0,1.18,1.006,8.24
IND,9,Septiembre,3.0,1.36,0.985,4.07
IND,10,Octubre,6.0,0.92,1.035,5.52
IND,11,Noviembre,4.0,0.76,1.054,3.03
IND,12,Diciembre,3.0,0.0,1.14,0.0
IRL,1,Enero,3.0,4.51,0.719,13.53
IRL,2,Febrero,0.0,4.5,0.72,0.0
IRL,3,Marzo,3.0,3.24,0.884,9.73
IRL,4,Abril,9.0,2.65,0.962,23.83
IRL,5,Mayo,10.0,1.72,1.083,17.24
IRL,6,Junio,10.0,0.82,1.201,8.22
IRL,7,Julio,0.0,0.0,1.309,0.0
IRL,8,Agosto,10.0,0.15,1.289,1.53
IRL,9,Septiembre,0.0,1.45,1.119,0.0
IRL,10,Octubre,10.0,1.88,1.063,18.81
IRL,11,Noviembre,0.0,3.59,0.838,0.0
IRL,12,Diciembre,5.0,3.79,0.812,18.97
ISL,1,Enero,1.88,6.6,0.574,12.37
ISL,2,Febrero,0.0,6.59,0.575,0.0
ISL,3,Marzo,2.5,5.74,0.719,14.34
ISL,4,Abril,10.0,5.51,0.759,55.13
ISL,5,Mayo,5.0,4.88,0.871,24.39
ISL,6,Junio,5.0,1.7,1.418,8.48
ISL,7,Julio,0.0,0.0,1.714,0.0
ISL,8,Agosto,6.25,0.19,1.68,1.19
ISL,9,Septiembre,0.0,3.12,1.165,0.0
ISL,10,Octubre,0.0,4.02,1.014,0.0
ISL,11,Noviembre,0.0,5.49,0.761,0.0
ISL,12,Diciembre,6.88,5.55,0.751,38.15
ISR,1,Enero,0.0,5.01,0.7,0.0
ISR,2,Febrero,0.0,5.16,0.68,0.0
ISR,3,Marzo,0.0,3.92,0.854,0.0
ISR,4,Abril,10.0,2.68,1.027,26.8
ISR,5,Mayo,0.77,2.76,1.016,2.12
ISR,6,Junio,0.0,2.28,1.082,0.0
ISR,7,Julio,0.0,1.02,1.264,0.0
ISR,8,Agosto,0.0,0.0,1.41,0.0
ISR,9,Septiembre,8.46,1.85,1.148,15.65
ISR,10,Octubre,6.92,1.92,1.136,13.26
ISR,11,Noviembre,0.0,3.96,0.85,0.0
ISR,12,Diciembre,0.0,4.08,0.832,0.0
ITA,1,Enero,5.0,4.53,0.731,22.63
ITA,2,Febrero,0.0,4.83,0.689,0.0
ITA,3,Marzo,0.83,3.6,0.854,3.0
ITA,4,Abril,10.0,2.62,0.985,26.2
ITA,5,Mayo,1.67,1.95,1.075,3.25
ITA,6,Junio,1.67,1.35,1.155,2.25
ITA,7,Julio,0.0,0.25,1.302,0.0
ITA,8,Agosto,2.5,0.0,1.336,0.0
ITA,9,Septiembre,0.0,0.97,1.206,0.0
ITA,10,Octubre,0.0,2.02,1.066,0.0
ITA,11,Noviembre,2.5,4.01,0.8,10.03
ITA,12,Diciembre,5.83,4.01,0.8,23.37
JAM,1,Enero,3.12,0.73,1.109,2.27
JAM,2,Febrero,0.0,1.54,1.013,0.0
JAM,3,Marzo,2.5,0.33,1.157,0.82
JAM,4,Abril,10.0,1.06,1.07,10.55
JAM,5,Mayo,3.12,2.34,0.917,7.31
JAM,6,Junio,0.0,1.76,0.985,0.0
JAM,7,Julio,0.0,0.21,1.17,0.0
JAM,8,Agosto,6.25,1.4,1.028,8.78
JAM,9,Septiembre,0.0,4.22,0.691,0.0
JAM,10,Octubre,6.25,3.72,0.75,23.28
JAM,11,Noviembre,0.0,2.09,0.946,0.0
JAM,12,Diciembre,3.12,0.26,1.164,0.83
JPN,1,Enero,10.0,1.99,0.929,19.9
JPN,2,Febrero,2.0,2.17,0.908,4.34
JPN,3,Marzo,2.5,0.89,1.057,2.23
JPN,4,Abril,3.0,1.76,0.956,5.26
JPN,5,Mayo,5.0,1.6,0.974,8.01
JPN,6,Junio,0.0,1.82,0.948,0.0
JPN,7,Julio,5.0,1.01,1.042,5.05
JPN,8,Agosto,1.0,0.0,1.16,0.0
JPN,9,Septiembre,7.0,1.18,1.022,8.3
JPN,10,Octubre,5.0,1.11,1.03,5.56
JPN,11,Noviembre,4.0,1.46,0.99,5.83
JPN,12,Diciembre,4.0,1.52,0.983,6.09
KHM,1,Enero,2.31,0.25,1.194,0.57
KHM,2,Febrero,1.15,0.71,1.138,0.82
KHM,3,Marzo,1.15,1.45,1.046,1.67
KHM,4,Abril,5.38,3.02,0.895,16.24
KHM,5,Mayo,10.0,3.76,0.8,37.6
KHM,6,Junio,1.15,4.17,0.747,4.82
KHM,7,Julio,0.0,2.95,0.904,0.0
KHM,8,Agosto,0.0,2.34,0.982,0.0
KHM,9,Septiembre,1.92,3.6,0.82,6.93
KHM,10,Octubre,4.23,2.62,0.946,11.08
KHM,11,Noviembre,2.69,1.12,1.139,3.01
KHM,12,Diciembre,1.15,0.15,1.263,0.17
KOR,1,Enero,3.64,1.5,0.962,5.47
KOR,2,Febrero,7.27,1.9,0.916,13.82
KOR,3,Marzo,2.73,1.88,0.92,5.11
KOR,4,Abril,0.0,1.14,1.004,0.0
KOR,5,Mayo,10.0,1.1,1.007,11.05
KOR,6,Junio,2.73,1.6,0.951,4.37
KOR,7,Julio,0.0,0.94,1.026,0.0
KOR,8,Agosto,3.64,0.04,1.129,0.14
KOR,9,Septiembre,6.36,1.11,1.006,7.08
KOR,10,Octubre,6.36,0.38,1.09,2.45
KOR,11,Noviembre,0.0,1.22,0.995,0.0
KOR,12,Diciembre,1.82,1.22,0.993,2.22
KOS,1,Enero,9.29,4.58,0.848,42.56
KOS,2,Febrero,4.29,5.57,0.694,23.86
KOS,3,Marzo,0.71,4.79,0.815,3.42
KOS,4,Abril,10.0,3.9,0.955,38.95
KOS,5,Mayo,5.0,3.97,0.944,19.86
KOS,6,Junio,1.43,3.63,0.998,5.19
KOS,7,Julio,0.0,0.54,1.482,0.0
KOS,8,Agosto,1.43,0.11,1.542,0.16
KOS,9,Septiembre,0.0,3.38,1.031,0.0
KOS,10,Octubre,0.0,3.9,0.95,0.0
KOS,11,Noviembre,0.0,5.04,0.776,0.0
KOS,12,Diciembre,2.14,4.05,0.927,8.69
LCA,1,Enero,1.88,0.39,1.115,0.73
LCA,2,Febrero,2.5,0.98,1.046,2.45
LCA,3,Marzo,2.5,0.0,1.16,0.0
LCA,4,Abril,10.0,0.73,1.073,7.3
LCA,5,Mayo,5.0,1.62,0.972,8.08
LCA,6,Junio,2.5,2.04,0.922,5.09
LCA,7,Julio,0.0,0.59,1.09,0.0
LCA,8,Agosto,1.88,0.87,1.058,1.63
LCA,9,Septiembre,0.0,4.11,0.683,0.0
LCA,10,Octubre,6.25,3.0,0.828,18.78
LCA,11,Noviembre,0.0,2.4,0.901,0.0
LCA,12,Diciembre,5.0,0.78,1.092,3.9
LTU,1,Enero,3.33,4.02,0.745,13.4
LTU,2,Febrero,2.22,4.48,0.688,9.95
LTU,3,Marzo,5.56,3.37,0.826,18.72
LTU,4,Abril,10.0,2.47,0.936,24.74
LTU,5,Mayo,2.22,0.94,1.129,2.09
LTU,6,Junio,4.44,0.33,1.206,1.47
LTU,7,Julio,3.33,0.32,1.209,1.07
LTU,8,Agosto,3.33,0.28,1.213,0.94
LTU,9,Septiembre,0.0,0.71,1.158,0.0
LTU,10,Octubre,0.0,0.92,1.132,0.0
LTU,11,Noviembre,3.33,2.85,0.891,9.49
LTU,12,Diciembre,8.89,3.05,0.866,27.07
LUX,1,Enero,1.88,4.72,0.67,8.85
LUX,2,Febrero,0.0,4.2,0.737,0.0
LUX,3,Marzo,2.5,3.22,0.861,8.05
LUX,4,Abril,10.0,2.04,1.01,20.4
LUX,5,Mayo,5.0,1.37,1.096,6.87
LUX,6,Junio,3.75,1.33,1.102,4.99
LUX,7,Julio,0.0,0.33,1.231,0.0
LUX,8,Agosto,1.88,0.01,1.273,0.02
LUX,9,Septiembre,0.0,0.72,1.181,0.0
LUX,10,Octubre,0.0,1.37,1.097,0.0
LUX,11,Noviembre,1.88,3.02,0.887,5.66
LUX,12,Diciembre,3.12,3.26,0.855,10.17
LVA,1,Enero,2.35,4.1,0.76,9.65
LVA,2,Febrero,0.0,4.59,0.696,0.0
LVA,3,Marzo,2.35,3.28,0.866,7.72
LVA,4,Abril,10.0,2.59,0.954,25.88
LVA,5,Mayo,7.06,1.66,1.075,11.69
LVA,6,Junio,4.12,0.71,1.198,2.91
LVA,7,Julio,0.59,0.01,1.289,0.0
LVA,8,Agosto,0.0,0.16,1.269,0.0
LVA,9,Septiembre,0.59,1.3,1.121,0.77
LVA,10,Octubre,0.0,1.74,1.064,0.0
LVA,11,Noviembre,4.71,3.41,0.849,16.03
LVA,12,Diciembre,6.47,3.33,0.859,21.53
MAC,1,Enero,4.62,1.84,0.947,8.47
MAC,2,Febrero,4.62,1.64,0.97,7.59
MAC,3,Marzo,2.31,1.97,0.932,4.55
MAC,4,Abril,7.69,1.6,0.975,12.29
MAC,5,Mayo,3.85,1.71,0.962,6.58
MAC,6,Junio,3.08,1.78,0.954,5.46
MAC,7,Julio,0.0,0.62,1.089,0.0
MAC,8,Agosto,0.0,0.0,1.16,0.0
MAC,9,Septiembre,2.31,2.03,0.924,4.69
MAC,10,Octubre,5.38,1.48,0.988,7.98
MAC,11,Noviembre,2.31,1.43,0.994,3.3
MAC,12,Diciembre,10.0,0.5,1.103,4.95
MAR,1,Enero,8.0,3.22,0.859,25.74
MAR,2,Febrero,1.0,3.69,0.799,3.69
MAR,3,Marzo,0.0,2.46,0.955,0.0
MAR,4,Abril,0.0,1.85,1.033,0.0
MAR,5,Mayo,2.0,2.24,0.983,4.49
MAR,6,Junio,3.0,2.13,0.996,6.4
MAR,7,Julio,5.0,0.99,1.138,4.96
MAR,8,Agosto,10.0,0.43,1.213,4.26
MAR,9,Septiembre,2.0,1.49,1.077,2.99
MAR,10,Octubre,3.0,1.47,1.081,4.4
MAR,11,Noviembre,7.0,2.66,0.929,18.62
MAR,12,Diciembre,2.0,2.61,0.936,5.21
MDA,1,Enero,7.86,4.88,0.769,38.32
MDA,2,Febrero,0.0,6.13,0.581,0.0
MDA,3,Marzo,2.86,5.59,0.662,15.97
MDA,4,Abril,10.0,4.57,0.817,45.66
MDA,5,Mayo,10.0,2.96,1.058,29.55
MDA,6,Junio,1.43,1.74,1.236,2.49
MDA,7,Julio,0.0,0.74,1.391,0.0
MDA,8,Agosto,5.71,0.0,1.504,0.0
MDA,9,Septiembre,0.71,1.4,1.293,1.0
MDA,10,Octubre,0.0,3.18,1.025,0.0
MDA,11,Noviembre,0.0,4.45,0.832,0.0
MDA,12,Diciembre,2.14,4.26,0.861,9.12
MEX,1,Enero,2.14,1.44,1.081,3.09
MEX,2,Febrero,8.57,2.64,0.915,22.6
MEX,3,Marzo,10.0,1.27,1.085,12.72
MEX,4,Abril,5.0,1.66,1.035,8.28
MEX,5,Mayo,1.43,1.78,1.023,2.54
MEX,6,Junio,0.0,1.71,1.032,0.0
MEX,7,Julio,0.0,0.12,1.231,0.0
MEX,8,Agosto,0.0,1.69,0.997,0.0
MEX,9,Septiembre,2.86,3.5,0.779,10.0
MEX,10,Octubre,0.0,2.87,0.859,0.0
MEX,11,Noviembre,7.86,2.43,0.913,19.08
MEX,12,Diciembre,2.86,1.53,1.022,4.37
MKD,1,Enero,9.0,4.67,0.75,42.06
MKD,2,Febrero,0.0,5.28,0.664,0.0
MKD,3,Marzo,0.0,4.35,0.795,0.0
MKD,4,Abril,8.0,3.27,0.948,26.19
MKD,5,Mayo,10.0,2.82,1.012,28.16
MKD,6,Junio,2.0,2.37,1.077,4.74
MKD,7,Julio,1.0,0.33,1.37,0.33
MKD,8,Agosto,4.0,0.15,1.394,0.6
MKD,9,Septiembre,5.0,1.78,1.162,8.91
MKD,10,Octubre,8.0,2.51,1.059,20.1
MKD,11,Noviembre,0.0,3.77,0.88,0.0
MKD,12,Diciembre,4.0,3.72,0.888,14.87
MLT,1,Enero,1.88,6.16,0.564,11.54
MLT,2,Febrero,1.88,6.15,0.564,11.54
MLT,3,Marzo,5.62,4.79,0.764,26.96
MLT,4,Abril,10.0,3.15,1.005,31.47
MLT,5,Mayo,1.25,2.35,1.124,2.93
MLT,6,Junio,3.75,1.9,1.19,7.13
MLT,7,Julio,0.0,0.44,1.407,0.0
MLT,8,Agosto,1.88,0.0,1.472,0.0
MLT,9,Septiembre,3.12,1.15,1.301,3.6
MLT,10,Octubre,0.0,1.92,1.188,0.0
MLT,11,Noviembre,0.0,4.87,0.751,0.0
MLT,12,Diciembre,6.25,5.42,0.67,33.86
MNE,1,Enero,5.45,8.16,0.413,44.52
MNE,2,Febrero,0.0,8.48,0.342,0.0
MNE,3,Marzo,0.0,8.02,0.445,0.0
MNE,4,Abril,0.0,7.31,0.604,0.0
MNE,5,Mayo,10.0,6.24,0.845,62.43
MNE,6,Junio,0.0,2.7,1.644,0.0
MNE,7,Julio,6.36,0.34,2.175,2.15
MNE,8,Agosto,0.0,0.0,2.254,0.0
MNE,9,Septiembre,0.0,2.77,1.628,0.0
MNE,10,Octubre,0.0,6.77,0.727,0.0
MNE,11,Noviembre,0.0,7.91,0.47,0.0
MNE,12,Diciembre,0.0,7.98,0.454,0.0
MTQ,1,Enero,3.0,1.48,1.105,4.43
MTQ,2,Febrero,0.0,1.5,1.1,0.0
MTQ,3,Marzo,1.0,1.4,1.115,1.4
MTQ,4,Abril,9.0,2.15,1.046,19.33
MTQ,5,Mayo,10.0,3.22,0.88,32.15
MTQ,6,Junio,4.0,3.7,0.817,14.81
MTQ,7,Julio,2.0,0.78,1.23,1.57
MTQ,8,Agosto,3.0,0.0,1.334,0.0
MTQ,9,Septiembre,0.0,4.93,0.676,0.0
MTQ,10,Octubre,0.0,4.19,0.773,0.0
MTQ,11,Noviembre,7.0,3.78,0.829,26.49
MTQ,12,Diciembre,2.0,1.81,1.092,3.61
MYS,1,Enero,3.64,1.3,1.001,4.73
MYS,2,Febrero,6.36,1.9,0.932,12.11
MYS,3,Marzo,0.0,1.13,1.021,0.0
MYS,4,Abril,0.0,1.95,0.964,0.0
MYS,5,Mayo,5.45,1.79,0.984,9.75
MYS,6,Junio,1.82,1.93,0.965,3.52
MYS,7,Julio,2.73,1.58,1.009,4.31
MYS,8,Agosto,4.55,1.51,1.017,6.86
MYS,9,Septiembre,10.0,1.95,0.964,19.53
MYS,10,Octubre,1.82,1.92,0.968,3.48
MYS,11,Noviembre,0.91,1.72,0.992,1.56
MYS,12,Diciembre,4.55,0.0,1.198,0.0
NGA,1,Enero,3.12,1.91,0.929,5.97
NGA,2,Febrero,1.25,2.58,0.853,3.22
NGA,3,Marzo,2.5,1.69,0.954,4.22
NGA,4,Abril,10.0,1.31,0.998,13.12
NGA,5,Mayo,4.38,1.5,0.978,6.55
NGA,6,Junio,1.88,1.71,0.954,3.2
NGA,7,Julio,1.25,1.19,1.015,1.49
NGA,8,Agosto,1.88,0.5,1.095,0.93
NGA,9,Septiembre,1.88,0.98,1.039,1.84
NGA,10,Octubre,3.12,1.09,1.027,3.41
NGA,11,Noviembre,0.62,1.02,1.035,0.64
NGA,12,Diciembre,4.38,0.26,1.123,1.15
NLD,1,Enero,1.5,3.65,0.777,5.48
NLD,2,Febrero,0.0,3.85,0.753,0.0
NLD,3,Marzo,2.0,2.69,0.895,5.38
NLD,4,Abril,10.0,2.02,0.977,20.24
NLD,5,Mayo,4.0,1.0,1.103,4.0
NLD,6,Junio,2.0,1.05,1.096,2.11
NLD,7,Julio,0.0,0.07,1.217,0.0
NLD,8,Agosto,0.0,0.05,1.22,0.0
NLD,9,Septiembre,0.0,0.79,1.129,0.0
NLD,10,Octubre,0.0,0.96,1.107,0.0
NLD,11,Noviembre,0.0,2.89,0.871,0.0
NLD,12,Diciembre,2.5,3.02,0.855,7.56
NOR,1,Enero,0.0,3.55,0.784,0.0
NOR,2,Febrero,0.0,3.24,0.821,0.0
NOR,3,Marzo,2.5,2.19,0.949,5.47
NOR,4,Abril,10.0,2.38,0.926,23.83
NOR,5,Mayo,6.88,1.34,1.051,9.23
NOR,6,Junio,2.5,0.39,1.167,0.97
NOR,7,Julio,0.0,0.0,1.215,0.0
NOR,8,Agosto,0.0,0.7,1.13,0.0
NOR,9,Septiembre,0.0,0.88,1.108,0.0
NOR,10,Octubre,0.0,0.95,1.099,0.0
NOR,11,Noviembre,0.0,2.36,0.928,0.0
NOR,12,Diciembre,3.12,3.22,0.824,10.05
NZL,1,Enero,4.5,1.03,1.018,4.65
NZL,2,Febrero,2.0,1.33,0.984,2.66
NZL,3,Marzo,2.0,0.8,1.045,1.59
NZL,4,Abril,10.0,1.16,1.003,11.62
NZL,5,Mayo,0.0,2.01,0.906,0.0
NZL,6,Junio,5.0,2.34,0.87,11.68
NZL,7,Julio,0.0,0.96,1.026,0.0
NZL,8,Agosto,0.0,1.47,0.968,0.0
NZL,9,Septiembre,0.0,1.53,0.961,0.0
NZL,10,Octubre,5.0,0.82,1.042,4.11
NZL,11,Noviembre,0.0,0.85,1.039,0.0
NZL,12,Diciembre,3.5,0.0,1.136,0.0
OMN,1,Enero,0.0,1.67,1.013,0.0
OMN,2,Febrero,0.0,2.63,0.896,0.0
OMN,3,Marzo,0.0,2.08,0.963,0.0
OMN,4,Abril,3.33,2.01,0.971,6.72
OMN,5,Mayo,0.0,2.17,0.952,0.0
OMN,6,Junio,3.33,2.4,0.923,8.02
OMN,7,Julio,10.0,1.31,1.059,13.12
OMN,8,Agosto,6.67,0.0,1.218,0.0
OMN,9,Septiembre,8.33,1.74,1.004,14.5
OMN,10,Octubre,6.67,2.03,0.967,13.56
OMN,11,Noviembre,10.0,2.17,0.951,21.73
OMN,12,Diciembre,0.0,1.07,1.085,0.0
PAN,1,Enero,3.57,0.7,1.051,2.52
PAN,2,Febrero,0.0,1.82,0.926,0.0
PAN,3,Marzo,2.14,1.33,0.981,2.85
PAN,4,Abril,5.0,1.88,0.919,9.38
PAN,5,Mayo,2.86,1.72,0.936,4.92
PAN,6,Junio,0.0,1.46,0.966,0.0
PAN,7,Julio,0.0,0.27,1.101,0.0
PAN,8,Agosto,0.0,0.68,1.054,0.0
PAN,9,Septiembre,0.0,1.72,0.937,0.0
PAN,10,Octubre,0.0,1.15,1.001,0.0
PAN,11,Noviembre,9.29,1.07,1.01,9.95
PAN,12,Diciembre,10.0,0.12,1.118,1.23
PER,1,Enero,0.0,1.99,0.938,0.0
PER,2,Febrero,0.0,2.32,0.9,0.0
PER,3,Marzo,4.29,2.13,0.923,9.12
PER,4,Abril,10.0,2.35,0.897,23.49
PER,5,Mayo,2.86,1.53,0.993,4.37
PER,6,Junio,4.29,1.86,0.954,7.99
PER,7,Julio,7.14,0.73,1.087,5.19
PER,8,Agosto,4.29,0.25,1.142,1.07
PER,9,Septiembre,0.0,1.14,1.043,0.0
PER,10,Octubre,4.29,0.54,1.108,2.33
PER,11,Noviembre,4.29,1.44,1.002,6.17
PER,12,Diciembre,8.57,1.35,1.013,11.54
PHL,1,Enero,1.82,0.7,1.058,1.28
PHL,2,Febrero,0.0,1.89,0.924,0.0
PHL,3,Marzo,2.73,1.01,1.024,2.75
PHL,4,Abril,9.09,0.22,1.114,1.98
PHL,5,Mayo,3.64,0.0,1.14,0.0
PHL,6,Junio,3.64,1.34,0.986,4.88
PHL,7,Julio,0.91,1.5,0.966,1.37
PHL,8,Agosto,10.0,1.53,0.965,15.27
PHL,9,Septiembre,1.82,2.37,0.869,4.3
PHL,10,Octubre,1.82,1.75,0.939,3.18
PHL,11,Noviembre,4.55,1.74,0.94,7.91
PHL,12,Diciembre,7.27,0.56,1.074,4.07
POL,1,Enero,3.33,4.63,0.725,15.45
POL,2,Febrero,0.0,4.81,0.701,0.0
POL,3,Marzo,1.11,3.97,0.815,4.41
POL,4,Abril,10.0,3.33,0.902,33.26
POL,5,Mayo,5.56,2.1,1.069,11.64
POL,6,Junio,0.0,1.01,1.216,0.0
POL,7,Julio,0.0,0.01,1.352,0.0
POL,8,Agosto,3.33,0.17,1.33,0.56
POL,9,Septiembre,0.0,0.86,1.236,0.0
POL,10,Octubre,0.0,2.42,1.025,0.0
POL,11,Noviembre,8.89,3.91,0.822,34.78
POL,12,Diciembre,5.56,4.03,0.807,22.38
PRT,1,Enero,0.0,5.18,0.669,0.0
PRT,2,Febrero,0.0,5.32,0.649,0.0
PRT,3,Marzo,3.0,4.15,0.813,12.45
PRT,4,Abril,10.0,2.75,1.006,27.53
PRT,5,Mayo,2.0,2.11,1.096,4.21
PRT,6,Junio,4.0,1.69,1.154,6.76
PRT,7,Julio,0.0,0.42,1.333,0.0
PRT,8,Agosto,3.0,0.0,1.391,0.0
PRT,9,Septiembre,0.0,1.07,1.241,0.0
PRT,10,Octubre,2.0,1.93,1.122,3.85
PRT,11,Noviembre,2.0,4.53,0.76,9.05
PRT,12,Diciembre,5.0,4.48,0.766,22.42
PRY,1,Enero,0.0,0.33,1.134,0.0
PRY,2,Febrero,1.43,1.78,0.963,2.55
PRY,3,Marzo,8.57,1.56,0.987,13.41
PRY,4,Abril,10.0,2.04,0.933,20.45
PRY,5,Mayo,8.57,1.84,0.955,15.79
PRY,6,Junio,7.14,2.38,0.891,17.01
PRY,7,Julio,1.43,0.47,1.115,0.67
PRY,8,Agosto,4.29,1.31,1.016,5.6
PRY,9,Septiembre,4.29,1.75,0.959,7.51
PRY,10,Octubre,0.0,1.54,0.984,0.0
PRY,11,Noviembre,0.0,1.6,0.977,0.0
PRY,12,Diciembre,10.0,0.65,1.087,6.54
ROU,1,Enero,3.0,3.89,0.783,11.66
ROU,2,Febrero,0.0,4.45,0.711,0.0
ROU,3,Marzo,0.0,3.38,0.847,0.0
ROU,4,Abril,10.0,2.53,0.956,25.34
ROU,5,Mayo,7.0,1.97,1.028,13.81
ROU,6,Junio,10.0,1.26,1.119,12.61
ROU,7,Julio,0.0,0.26,1.247,0.0
ROU,8,Agosto,3.0,0.0,1.281,0.0
ROU,9,Septiembre,0.0,0.64,1.198,0.0
ROU,10,Octubre,0.0,1.8,1.05,0.0
ROU,11,Noviembre,3.0,3.1,0.884,9.29
ROU,12,Diciembre,8.0,3.0,0.897,23.96
RUS,1,Enero,10.0,4.42,0.78,44.25
RUS,2,Febrero,1.36,4.99,0.702,6.8
RUS,3,Marzo,3.64,4.16,0.818,15.12
RUS,4,Abril,0.91,3.76,0.874,3.41
RUS,5,Mayo,8.18,2.72,1.019,22.25
RUS,6,Junio,3.64,1.38,1.206,5.02
RUS,7,Julio,0.0,0.19,1.372,0.0
RUS,8,Agosto,0.0,0.17,1.375,0.0
RUS,9,Septiembre,0.0,1.54,1.182,0.0
RUS,10,Octubre,0.0,2.86,0.998,0.0
RUS,11,Noviembre,3.64,3.99,0.841,14.49
RUS,12,Diciembre,0.45,4.05,0.832,1.84
SGP,1,Enero,7.14,1.27,0.996,9.05
SGP,2,Febrero,8.57,2.02,0.912,17.29
SGP,3,Marzo,4.29,1.32,0.991,5.64
SGP,4,Abril,10.0,1.46,0.975,14.6
SGP,5,Mayo,10.0,1.5,0.97,15.0
SGP,6,Junio,4.29,1.14,1.011,4.9
SGP,7,Julio,2.86,0.84,1.045,2.41
SGP,8,Agosto,10.0,0.96,1.031,9.62
SGP,9,Septiembre,5.71,1.7,0.947,9.73
SGP,10,Octubre,4.29,1.32,0.99,5.65
SGP,11,Noviembre,2.86,1.33,0.99,3.8
SGP,12,Diciembre,5.71,0.0,1.142,0.0
SLV,1,Enero,4.29,0.99,1.034,4.26
SLV,2,Febrero,0.0,2.53,0.857,0.0
SLV,3,Marzo,5.71,1.12,1.02,6.38
SLV,4,Abril,10.0,1.5,0.974,15.01
SLV,5,Mayo,7.14,1.56,0.968,11.15
SLV,6,Junio,4.29,1.37,0.99,5.86
SLV,7,Julio,0.0,0.22,1.14,0.0
SLV,8,Agosto,4.29,0.58,1.098,2.47
SLV,9,Septiembre,2.86,2.54,0.868,7.26
SLV,10,Octubre,0.0,2.16,0.911,0.0
SLV,11,Noviembre,4.29,0.92,1.059,3.93
SLV,12,Diciembre,5.71,0.45,1.12,2.56
SRB,1,Enero,4.12,5.14,0.717,21.16
SRB,2,Febrero,4.12,5.72,0.63,23.57
SRB,3,Marzo,0.0,4.88,0.756,0.0
SRB,4,Abril,10.0,3.86,0.905,38.61
SRB,5,Mayo,5.29,3.21,1.002,16.98
SRB,6,Junio,0.0,2.18,1.155,0.0
SRB,7,Julio,0.0,0.17,1.453,0.0
SRB,8,Agosto,0.0,0.0,1.478,0.0
SRB,9,Septiembre,0.0,1.66,1.231,0.0
SRB,10,Octubre,0.0,3.02,1.031,0.0
SRB,11,Noviembre,2.35,4.54,0.806,10.69
SRB,12,Diciembre,0.0,4.35,0.836,0.0
SVK,1,Enero,1.88,7.09,0.565,13.3
SVK,2,Febrero,0.0,7.23,0.537,0.0
SVK,3,Marzo,2.5,6.63,0.656,16.57
SVK,4,Abril,10.0,6.21,0.742,62.1
SVK,5,Mayo,2.5,5.79,0.824,14.46
SVK,6,Junio,0.0,3.43,1.29,0.0
SVK,7,Julio,1.88,0.0,1.964,0.0
SVK,8,Agosto,1.88,0.25,1.913,0.47
SVK,9,Septiembre,2.5,3.05,1.363,7.62
SVK,10,Octubre,0.0,5.53,0.873,0.0
SVK,11,Noviembre,3.12,6.75,0.633,21.09
SVK,12,Diciembre,5.0,6.71,0.641,33.57
SVN,1,Enero,1.67,5.57,0.653,9.29
SVN,2,Febrero,3.33,5.57,0.653,18.56
SVN,3,Marzo,0.83,4.59,0.795,3.83
SVN,4,Abril,10.0,3.95,0.883,39.54
SVN,5,Mayo,4.17,2.88,1.049,12.01
SVN,6,Junio,2.5,1.89,1.197,4.73
SVN,7,Julio,0.0,0.23,1.444,0.0
SVN,8,Agosto,2.5,0.1,1.465,0.25
SVN,9,Septiembre,0.0,1.18,1.302,0.0
SVN,10,Octubre,2.5,2.83,1.056,7.07
SVN,11,Noviembre,2.5,4.64,0.789,11.6
SVN,12,Diciembre,4.17,5.14,0.715,21.4
SWE,1,Enero,1.88,3.19,0.792,5.99
SWE,2,Febrero,0.0,3.16,0.796,0.0
SWE,3,Marzo,2.5,1.87,0.945,4.68
SWE,4,Abril,10.0,1.8,0.953,18.04
SWE,5,Mayo,1.25,0.55,1.099,0.69
SWE,6,Junio,1.88,0.11,1.15,0.21
SWE,7,Julio,0.0,0.25,1.134,0.0
SWE,8,Agosto,0.0,0.38,1.119,0.0
SWE,9,Septiembre,0.0,0.33,1.124,0.0
SWE,10,Octubre,0.0,0.6,1.093,0.0
SWE,11,Noviembre,0.0,1.96,0.936,0.0
SWE,12,Diciembre,3.12,2.61,0.859,8.16
THA,1,Enero,2.38,0.07,1.112,0.17
THA,2,Febrero,1.9,0.62,1.049,1.19
THA,3,Marzo,0.48,0.21,1.096,0.1
THA,4,Abril,9.05,0.82,1.027,7.39
THA,5,Mayo,10.0,1.76,0.921,17.57
THA,6,Junio,1.43,2.16,0.876,3.09
THA,7,Julio,7.14,0.91,1.016,6.51
THA,8,Agosto,3.81,0.61,1.051,2.31
THA,9,Septiembre,0.0,1.88,0.909,0.0
THA,10,Octubre,3.81,1.65,0.935,6.27
THA,11,Noviembre,0.0,1.53,0.948,0.0
THA,12,Diciembre,9.05,0.52,1.062,4.66
TUR,1,Enero,0.0,4.87,0.706,0.0
TUR,2,Febrero,0.0,5.03,0.684,0.0
TUR,3,Marzo,0.0,4.3,0.786,0.0
TUR,4,Abril,4.29,3.54,0.89,15.18
TUR,5,Mayo,5.71,2.13,1.087,12.19
TUR,6,Junio,5.71,1.55,1.169,8.86
TUR,7,Julio,5.71,0.45,1.321,2.58
TUR,8,Agosto,10.0,0.14,1.362,1.39
TUR,9,Septiembre,7.14,0.89,1.258,6.37
TUR,10,Octubre,8.57,1.9,1.118,16.32
TUR,11,Noviembre,2.86,3.95,0.835,11.28
TUR,12,Diciembre,0.0,4.32,0.783,0.0
TWN,1,Enero,4.12,3.54,0.753,14.56
TWN,2,Febrero,10.0,3.32,0.778,33.2
TWN,3,Marzo,0.0,3.25,0.788,0.0
TWN,4,Abril,4.12,2.85,0.838,11.73
TWN,5,Mayo,1.76,2.72,0.854,4.79
TWN,6,Junio,3.53,2.69,0.857,9.5
TWN,7,Julio,0.0,2.21,0.917,0.0
TWN,8,Agosto,0.0,2.36,0.894,0.0
TWN,9,Septiembre,4.12,3.38,0.774,13.9
TWN,10,Octubre,2.35,0.51,1.549,1.21
TWN,11,Noviembre,0.0,0.97,1.474,0.0
TWN,12,Diciembre,0.0,0.69,1.524,0.0
UKR,1,Enero,9.33,4.21,0.803,39.32
UKR,2,Febrero,0.0,5.2,0.665,0.0
UKR,3,Marzo,4.0,4.46,0.77,17.84
UKR,4,Abril,6.0,3.87,0.852,23.24
UKR,5,Mayo,10.0,2.55,1.039,25.48
UKR,6,Junio,9.33,1.56,1.178,14.56
UKR,7,Julio,0.0,0.33,1.349,0.0
UKR,8,Agosto,4.0,0.13,1.379,0.52
UKR,9,Septiembre,0.0,1.15,1.236,0.0
UKR,10,Octubre,2.0,2.37,1.063,4.73
UKR,11,Noviembre,0.0,4.43,0.78,0.0
UKR,12,Diciembre,2.0,3.63,0.886,7.25
URY,1,Enero,0.0,0.02,1.433,0.0
URY,2,Febrero,0.0,1.2,1.273,0.0
URY,3,Marzo,0.0,2.1,1.145,0.0
URY,4,Abril,0.0,2.75,1.05,0.0
URY,5,Mayo,6.67,3.36,0.959,22.42
URY,6,Junio,0.0,5.03,0.696,0.0
URY,7,Julio,10.0,3.74,0.883,37.43
URY,8,Agosto,6.67,4.02,0.846,26.8
URY,9,Septiembre,0.0,4.15,0.822,0.0
URY,10,Octubre,0.0,3.84,0.862,0.0
URY,11,Noviembre,0.0,2.96,0.961,0.0
URY,12,Diciembre,6.67,2.03,1.086,13.5
USA,1,Enero,10.0,2.22,0.881,22.16
USA,2,Febrero,8.33,2.64,0.833,21.97
USA,3,Marzo,0.0,0.83,1.038,0.0
USA,4,Abril,0.0,1.24,0.992,0.0
USA,5,Mayo,8.33,0.81,1.04,6.78
USA,6,Junio,0.0,0.43,1.083,0.0
USA,7,Julio,4.17,0.0,1.132,0.0
USA,8,Agosto,0.0,0.35,1.093,0.0
USA,9,Septiembre,8.33,1.65,0.945,13.78
USA,10,Octubre,8.33,1.02,1.016,8.53
USA,11,Noviembre,5.0,1.5,0.962,7.5
USA,12,Diciembre,5.83,1.28,0.986,7.49
ZAF,1,Enero,1.0,1.53,0.945,1.53
ZAF,2,Febrero,0.0,1.77,0.919,0.0
ZAF,3,Marzo,4.0,0.6,1.049,2.42
ZAF,4,Abril,10.0,0.95,1.009,9.52
ZAF,5,Mayo,2.0,1.69,0.928,3.38
ZAF,6,Junio,2.0,1.98,0.895,3.96
ZAF,7,Julio,0.0,0.89,1.017,0.0
ZAF,8,Agosto,2.0,0.95,1.01,1.9
ZAF,9,Septiembre,2.0,1.01,1.002,2.03
ZAF,10,Octubre,0.0,0.3,1.083,0.0
ZAF,11,Noviembre,0.0,0.8,1.028,0.0
ZAF,12,Diciembre,6.5,0.0,1.116,0.0
