ISO3,Year,Promedio_Pasajeros_Internacionales,Promedio_Pasajeros_Nacionales
ALB,2010,,
ALB,2011,,
ALB,2012,,
ALB,2013,,
ALB,2014,,
ALB,2015,,
ALB,2016,,
ALB,2017,,
ARE,2014,,
ARE,2015,,
ARE,2016,,
ARE,2017,,
ARG,2017,,
ARM,2011,,
ARM,2012,,
ARM,2013,,
ARM,2014,,
ARM,2015,,
ARM,2016,,
ARM,2017,,
AUS,2010,2232.5833333333335,4412.833333333333
AUS,2011,2346.1666666666665,4453.833333333333
AUS,2012,2467.5,4637.666666666667
AUS,2013,2611.9166666666665,4728.833333333333
AUS,2014,2761.1666666666665,4747.166666666667
AUS,2015,2905.5833333333335,4759.583333333333
AUS,2016,3134.8333333333335,4883.0
AUS,2017,3301.25,4962.5
AUS,2018,3464.6666666666665,5049.833333333333
AUT,2010,1897.52825,63.50966666666667
AUT,2011,2039.4963333333333,55.30466666666667
AUT,2012,2110.94175,52.88966666666667
AUT,2013,2094.0365833333335,51.77375
AUT,2014,2149.9734166666667,48.249583333333334
AUT,2015,2185.3664166666667,44.134166666666665
AUT,2016,2222.57775,42.54816666666667
AUT,2017,2316.310916666667,44.29566666666667
AUT,2018,2546.103333333333,48.76475
BEL,2010,1886.1913333333332,5.289000000000001
BEL,2011,2087.6299999999997,4.26125
BEL,2012,2156.11225,3.8473333333333333
BEL,2013,2195.5726666666665,3.5879166666666666
BEL,2014,2394.67175,3.3497500000000002
BEL,2015,2577.5722499999997,2.331166666666667
BEL,2016,2508.6749999999997,0.9776666666666666
BEL,2017,2770.8869166666664,0.8208333333333333
BEL,2018,2874.79275,0.73175
BGR,2010,498.7840833333333,15.326166666666667
BGR,2011,537.21975,17.114166666666666
BGR,2012,551.14325,17.115333333333332
BGR,2013,574.6566666666666,15.284333333333334
BGR,2014,612.69925,14.025500000000001
BGR,2015,620.635,13.610750000000001
BGR,2016,763.3643333333333,13.65375
BGR,2017,901.0176666666666,23.36991666666667
BGR,2018,985.1918333333333,26.284333333333333
BHR,2014,,
BHR,2015,,
BHR,2016,,
BHR,2017,,
BIH,2010,,
BIH,2011,,
BIH,2012,,
BIH,2013,,
BIH,2014,,
BIH,2015,,
BIH,2016,,
BIH,2017,,
BLR,2010,,
BLR,2011,,
BLR,2017,,
BRA,2010,,
BRA,2011,,
BRA,2012,,
BRA,2013,,
BRA,2014,,
BRA,2015,,
BRA,2016,,
BRA,2017,,
BRB,2015,,
BRB,2016,,
BRB,2017,,
CAN,2010,,
CAN,2011,,
CAN,2012,,
CAN,2013,,
CAN,2014,,
CAN,2015,,
CAN,2016,,
CAN,2017,,
CAN,2018,,
CHE,2010,3078.0340833333335,56.62916666666666
CHE,2011,3397.2064166666664,56.11425
CHE,2012,3550.2630000000004,52.744166666666665
CHE,2013,3634.7715000000003,50.02583333333333
CHE,2014,3793.1235,50.82866666666666
CHE,2015,3947.0747499999998,55.12316666666666
CHE,2016,4147.096083333333,61.694916666666664
CHE,2017,4402.83325,60.912
CHE,2018,4618.300833333334,59.99491666666666
CHL,2010,,
CHL,2011,,
CHL,2012,,
CHL,2013,,
CHL,2014,,
CHN,2010,1606.75,20385.5
CHN,2011,1765.0,22032.5
CHN,2012,1946.6666666666667,23971.666666666668
CHN,2013,2212.5,26531.666666666668
CHN,2014,2629.1666666666665,29195.833333333332
CHN,2015,3504.1666666666665,31950.25
CHN,2016,4302.0,35525.416666666664
CHN,2017,4618.75,40485.25
CHN,2018,5302.666666666667,44716.416666666664
CHN,2019,6318.833333333333,49082.416666666664
COL,2010,,
COL,2011,,
COL,2012,,
COL,2013,,
COL,2014,,
COL,2015,,
COL,2016,,
CRI,2016,,
CRI,2017,,
CYM,2015,,
CYM,2016,,
CYP,2010,578.9665,0.09513636363636363
CYP,2011,599.1798333333334,0.04633333333333334
CYP,2012,610.6869166666667,0.006302631578947369
CYP,2013,584.2864166666667,0.002789473684210526
CYP,2014,610.71175,0.0046353722143195825
CYP,2015,632.5655833333333,0.0039054054054054057
CYP,2016,746.8180833333332,0.0029324324324324328
CYP,2017,853.2423333333332,0.0024263513513513514
CYP,2018,910.5916666666667,0.0014666666666666667
CZE,2010,1003.07375,17.125083333333333
CZE,2011,1044.0459166666667,10.165083333333333
CZE,2012,970.9825833333333,7.54675
CZE,2013,984.0705833333333,6.91375
CZE,2014,999.2504166666668,7.405666666666666
CZE,2015,1047.0206666666666,8.979666666666667
CZE,2016,1132.477,6.886500000000001
CZE,2017,1348.1706666666666,5.6255
CZE,2018,1481.368333333333,5.150083333333334
DEU,2010,11830.530666666666,2013.7054166666667
DEU,2011,12574.80775,2034.86525
DEU,2012,12924.145166666667,1958.44675
DEU,2013,13180.389666666668,1884.8760000000002
DEU,2014,13638.054833333334,1899.0963333333332
DEU,2015,14231.626333333334,1929.7428333333335
DEU,2016,14742.695749999999,1981.2453333333333
DEU,2017,15713.035416666666,1986.0765000000001
DEU,2018,16566.368416666668,1968.8283333333336
DNK,2010,1827.5005,200.40383333333332
DNK,2011,1953.2430000000002,197.48149999999998
DNK,2012,2050.6783333333333,160.42708333333334
DNK,2013,2130.2675833333333,158.0415
DNK,2014,2254.3233333333333,163.66083333333333
DNK,2015,2347.08775,160.871
DNK,2016,2562.6270833333333,167.63475
DNK,2017,2609.206,162.56183333333334
DNK,2018,2729.5445833333333,162.217
DOM,2010,,
DOM,2011,,
DOM,2012,,
DOM,2013,,
DOM,2014,,
DOM,2015,,
DOM,2016,,
ECU,2010,,
ECU,2011,,
ECU,2012,,
EGY,2014,,
EGY,2015,,
EGY,2016,,
EGY,2017,,
ESP,2010,9596.650666666666,3185.6005
ESP,2011,10598.892166666667,3163.877
ESP,2012,10546.517,2767.75475
ESP,2013,10761.040916666667,2383.2901666666667
ESP,2014,11345.653083333333,2433.87875
ESP,2015,11980.949166666667,2573.4260833333333
ESP,2016,13369.78325,2786.219833333333
ESP,2017,14471.469416666667,3013.871333333333
ESP,2018,15046.186666666668,3338.099083333333
EST,2010,113.034,2.0545
EST,2011,156.55025,2.4138333333333333
EST,2012,181.44516666666667,2.0904166666666666
EST,2013,161.61341666666667,1.6003333333333334
EST,2014,166.93133333333333,1.3858333333333333
EST,2015,178.45158333333333,1.6299166666666667
EST,2016,183.13566666666668,1.4798333333333333
EST,2017,217.55175,2.0436666666666667
EST,2018,247.312,2.3153333333333332
FIN,2010,997.5316666666666,187.52133333333333
FIN,2011,1135.0293333333332,229.50383333333332
FIN,2012,1144.8029166666668,226.765
FIN,2013,1177.157,203.29225
FIN,2014,1221.3114166666667,209.68283333333332
FIN,2015,1240.0091666666667,216.59466666666665
FIN,2016,1284.2561666666668,224.07333333333335
FIN,2017,1441.35675,229.88883333333334
FIN,2018,1598.4888333333336,249.30533333333335
FRA,2010,7730.80025,2160.6336666666666
FRA,2011,8206.934666666666,2294.1700833333334
FRA,2012,8480.65,2333.0551666666665
FRA,2013,8678.239833333333,2385.3330833333334
FRA,2014,9036.6435,2326.74575
FRA,2015,9391.788416666666,2347.1756666666665
FRA,2016,9692.722166666666,2413.994666666667
FRA,2017,10339.37175,2502.002
FRA,2018,10913.005916666667,2586.259
FRO,2015,,
FRO,2016,,
FRO,2017,,
GBR,2010,14325.416,1748.5618333333332
GBR,2011,15051.21525,1743.5141666666666
GBR,2012,15190.6025,1731.64875
GBR,2013,15762.540916666667,1776.5407500000001
GBR,2014,16513.32966666667,1821.8471666666667
GBR,2015,17453.467416666666,1902.4023333333334
GBR,2016,18815.99425,1923.0784999999998
GBR,2017,20101.0215,1951.433
GBR,2018,20710.7815,1971.7314166666665
GEO,2010,,
GEO,2011,,
GEO,2012,,
GEO,2013,,
GEO,2014,,
GEO,2015,,
GEO,2016,,
GEO,2017,,
GIB,2010,,
GIB,2011,,
GIB,2012,,
GIB,2013,,
GIB,2014,,
GIB,2015,,
GIB,2016,,
GIB,2017,,
GLP,2010,,
GLP,2011,,
GLP,2012,,
GLP,2013,,
GLP,2014,,
GLP,2015,,
GLP,2016,,
GLP,2017,,
GRC,2010,2183.766166666667,531.9064999999999
GRC,2011,2334.9855000000002,479.24275000000006
GRC,2012,2230.2814166666667,443.2465833333333
GRC,2013,2402.1524166666663,433.1754166666667
GRC,2014,2737.556416666667,522.263
GRC,2015,2884.533,623.5005
GRC,2016,3113.9325000000003,681.3484166666666
GRC,2017,3486.31575,694.57825
GRC,2018,3808.771666666667,712.7971666666667
GTM,2014,,
GTM,2015,,
GTM,2016,,
GTM,2017,,
HKG,2014,,
HKG,2015,,
HKG,2016,,
HKG,2017,,
HRV,2010,353.7295,36.055
HRV,2011,374.87149999999997,40.89816666666666
HRV,2012,413.48558333333335,38.400416666666665
HRV,2013,440.07283333333334,36.79775
HRV,2014,472.96558333333337,38.7675
HRV,2015,508.74666666666667,38.89483333333333
HRV,2016,582.3008333333333,40.65441666666667
HRV,2017,693.0369999999999,43.884083333333336
HRV,2018,766.9006666666666,44.0405
HUN,2010,681.2091666666666,
HUN,2011,740.3768333333333,0.29847826086956525
HUN,2012,702.4869166666667,0.239
HUN,2013,703.4170833333334,0.16617753623188405
HUN,2014,754.5574166666667,0.15625
HUN,2015,852.3626666666665,0.08657142857142858
HUN,2016,971.6809166666667,0.024803571428571425
HUN,2017,1112.4994166666668,0.0057708333333333335
HUN,2018,1264.7038333333333,0.007020833333333334
IND,2014,,
IND,2015,,
IND,2016,,
IND,2017,,
IRL,2010,1894.5161666666665,30.001333333333335
IRL,2011,1937.41475,9.492666666666667
IRL,2012,1961.7024166666667,4.471666666666667
IRL,2013,2045.5465833333335,4.75675
IRL,2014,2187.434083333333,5.1347499999999995
IRL,2015,2456.1556666666665,5.929333333333333
IRL,2016,2709.4934166666667,6.815666666666666
IRL,2017,2848.732,7.248916666666666
IRL,2018,3020.517333333333,8.233083333333333
ISL,2010,169.69633333333334,
ISL,2011,205.2411666666667,
ISL,2012,228.3909166666667,
ISL,2013,266.6055,
ISL,2014,321.13449999999995,
ISL,2015,403.9406666666667,
ISL,2016,566.8178333333334,
ISL,2017,692.7941666666667,0.6505
ISL,2018,816.8200833333334,30.37875
ISR,2014,,
ISR,2015,,
ISR,2016,,
ISR,2017,,
ITA,2010,6593.7539166666675,2494.9921666666664
ITA,2011,7024.898916666666,2660.6566666666668
ITA,2012,7141.0914999999995,2528.0241666666666
ITA,2013,7237.965916666667,2368.0279166666664
ITA,2014,7665.713500000001,2431.3354166666663
ITA,2015,8167.381166666666,2471.3872499999998
ITA,2016,8683.821083333334,2522.6606666666667
ITA,2017,9432.142666666667,2593.3844166666668
ITA,2018,10104.120666666668,2681.8753333333334
JAM,2016,,
JAM,2017,,
JPN,2014,,
JPN,2015,,
JPN,2016,,
JPN,2017,,
KHM,2014,,
KHM,2015,,
KHM,2016,,
KHM,2017,,
KOR,2014,,
KOR,2015,,
KOR,2016,,
KOR,2017,,
KOS,2010,,
KOS,2011,,
KOS,2012,,
KOS,2013,,
KOS,2014,,
KOS,2015,,
KOS,2016,,
KOS,2017,,
LCA,2015,,
LCA,2016,,
LCA,2017,,
LTU,2010,190.21783333333335,0.031125
LTU,2011,224.33041666666668,0.003833333333333333
LTU,2012,263.87641666666667,0.017499999999999998
LTU,2013,290.18416666666667,0.014458333333333332
LTU,2014,316.48883333333333,0.05195833333333333
LTU,2015,352.2538333333334,0.034833333333333334
LTU,2016,398.9318333333333,0.03870833333333334
LTU,2017,437.17316666666665,0.009166666666666667
LTU,2018,521.1499166666666,0.049374999999999995
LUX,2010,134.39783333333332,0.10304166666666666
LUX,2011,153.01783333333333,0.10545833333333333
LUX,2012,157.7645,0.093375
LUX,2013,180.64858333333333,0.13179166666666667
LUX,2014,202.77966666666666,0.06879166666666667
LUX,2015,220.89916666666667,0.11375
LUX,2016,248.63083333333336,0.08041666666666668
LUX,2017,296.1359166666667,0.11154166666666666
LUX,2018,332.33725,0.10020833333333333
LVA,2010,387.96700000000004,0.036500000000000005
LVA,2011,424.8285,0.051833333333333335
LVA,2012,396.1831666666667,0.05325
LVA,2013,398.49825000000004,0.03354166666666667
LVA,2014,400.1780833333333,0.043916666666666666
LVA,2015,428.8068333333333,0.05395833333333334
LVA,2016,448.5988333333333,0.08220833333333333
LVA,2017,505.9599166666667,0.5487916666666667
LVA,2018,585.5386666666667,0.8847499999999999
MAC,2014,,
MAC,2015,,
MAC,2016,,
MAC,2017,,
MAR,2010,,
MAR,2011,,
MAR,2012,,
MAR,2013,,
MAR,2014,,
MDA,2010,,
MDA,2011,,
MDA,2012,,
MDA,2013,,
MDA,2014,,
MDA,2015,,
MDA,2016,,
MDA,2017,,
MEX,2010,,
MEX,2011,,
MEX,2012,,
MEX,2013,,
MEX,2014,,
MEX,2015,,
MEX,2016,,
MEX,2017,,
MKD,2011,,
MKD,2012,,
MKD,2013,,
MKD,2014,,
MKD,2015,,
MKD,2016,,
MKD,2017,,
MLT,2010,274.46158333333335,0.023352272727272725
MLT,2011,292.2248333333333,0.04134848484848485
MLT,2012,304.1605,0.106875
MLT,2013,335.95983333333334,0.20736666666666667
MLT,2014,357.50233333333335,0.04567499999999999
MLT,2015,384.94149999999996,0.12708333333333333
MLT,2016,423.34166666666664,0.2703039215686274
MLT,2017,500.64366666666666,0.08852941176470587
MLT,2018,567.1214166666667,0.07958333333333333
MNE,2011,,
MNE,2012,,
MNE,2013,,
MNE,2014,,
MNE,2015,,
MNE,2016,,
MNE,2017,,
MTQ,2010,,
MTQ,2011,,
MTQ,2012,,
MTQ,2013,,
MTQ,2014,,
MTQ,2015,,
MYS,2014,,
MYS,2015,,
MYS,2016,,
MYS,2017,,
NGA,2014,387.91175,890.067
NGA,2015,362.2730833333333,841.4385833333334
NGA,2016,355.0824166666667,914.3006666666666
NGA,2017,338.05974999999995,865.2876666666666
NGA,2018,369.8999166666667,1065.9699166666667
NLD,2010,4051.271083333333,0.30216666666666664
NLD,2011,4491.201333333333,0.073
NLD,2012,4639.862833333334,0.15458333333333332
NLD,2013,4839.672166666666,0.11054166666666666
NLD,2014,5080.191083333333,0.059166666666666666
NLD,2015,5380.77725,0.13425
NLD,2016,5859.696500000001,0.13641666666666666
NLD,2017,6353.181166666666,0.1775
NLD,2018,6636.789083333333,0.2155
NOR,2010,1380.107,1079.7637499999998
NOR,2011,1523.9515000000001,1176.3419999999999
NOR,2012,1650.7148333333334,1231.9705833333335
NOR,2013,1806.1896666666664,1251.0073333333332
NOR,2014,1865.7524999999998,1267.8470833333333
NOR,2015,1869.8904166666669,1255.3639166666667
NOR,2016,1878.7664166666666,1265.19575
NOR,2017,1929.0535833333333,1299.26125
NOR,2018,2008.4846666666665,1327.3574166666667
NZL,2014,,
NZL,2015,,
NZL,2016,,
NZL,2017,,
OMN,2014,,
OMN,2015,,
OMN,2016,,
OMN,2017,,
PAN,2010,,
PAN,2011,,
PAN,2012,,
PAN,2013,,
PAN,2014,,
PAN,2015,,
PAN,2016,,
PAN,2017,,
PER,2010,,
PER,2011,,
PER,2012,,
PER,2013,,
PER,2014,,
PER,2015,,
PER,2016,,
PER,2017,,
PHL,2014,,
PHL,2015,,
PHL,2016,,
PHL,2017,,
POL,2010,1453.3553333333332,78.57091666666666
POL,2011,1626.348,93.29133333333334
POL,2012,1668.4406666666666,148.28975
POL,2013,1838.0789166666666,101.46141666666666
POL,2014,2019.6868333333332,123.18166666666667
POL,2015,2276.6490833333332,132.30416666666667
POL,2016,2536.0504166666665,152.84475
POL,2017,2956.04825,184.34074999999999
POL,2018,3487.15725,159.13725000000002
PRT,2010,1893.43825,251.18675
PRT,2011,2056.6944166666667,241.6145
PRT,2012,2114.547916666667,234.30658333333335
PRT,2013,2238.0225,236.48966666666664
PRT,2014,2466.5308333333332,246.85424999999998
PRT,2015,2695.2869166666665,305.19758333333334
PRT,2016,3038.18575,372.65125000000006
PRT,2017,3559.82675,412.92800000000005
PRT,2018,3820.704,430.8358333333333
PRY,2010,,
PRY,2011,,
PRY,2012,,
PRY,2013,,
PRY,2014,,
PRY,2015,,
PRY,2016,,
PRY,2017,,
ROU,2010,675.2824999999999,62.12991666666667
ROU,2011,745.9430833333332,61.34491666666667
ROU,2012,751.4925,54.693000000000005
ROU,2013,787.5875833333333,47.15683333333334
ROU,2014,867.1238333333334,41.833416666666665
ROU,2015,1006.2132499999999,42.17933333333333
ROU,2016,1188.1965833333334,74.61333333333333
ROU,2017,1380.44675,114.11775
ROU,2018,1491.4625833333332,118.32558333333334
RUS,2010,,
RUS,2011,,
RUS,2012,,
RUS,2013,,
RUS,2014,,
RUS,2015,,
RUS,2016,,
RUS,2017,,
SGP,2014,,
SGP,2015,,
SGP,2016,,
SGP,2017,,
SLV,2010,,
SLV,2011,,
SLV,2012,,
SLV,2013,,
SLV,2014,,
SLV,2015,,
SLV,2016,,
SLV,2017,,
SRB,2010,,
SRB,2011,,
SRB,2012,,
SRB,2013,,
SRB,2014,,
SRB,2015,,
SRB,2016,,
SRB,2017,,
SVK,2010,153.29908333333333,3.52125
SVK,2011,147.83775,2.8445
SVK,2012,127.79416666666667,2.4722500000000003
SVK,2013,128.11925,1.6431666666666667
SVK,2014,137.42499999999998,1.8491666666666668
SVK,2015,160.17249999999999,1.7988333333333333
SVK,2016,177.78008333333332,2.075
SVK,2017,198.20408333333333,2.0168333333333335
SVK,2018,231.11749999999998,1.7236666666666667
SVN,2010,115.18816666666667,0.053899999999999997
SVN,2011,113.22275,0.06743584905660378
SVN,2012,97.32308333333333,0.08405660377358491
SVN,2013,105.4805,0.09900000000000002
SVN,2014,108.92733333333332,0.1139433962264151
SVN,2015,119.65591666666667,0.12826415094339624
SVN,2016,117.01266666666668,0.132
SVN,2017,140.17775,0.132
SVN,2018,150.88058333333333,0.132
SWE,2010,1710.531,510.03266666666667
SWE,2011,1900.2001666666667,577.4870833333333
SWE,2012,1944.3959166666666,584.8415
SWE,2013,2031.6308333333334,588.6379166666667
SWE,2014,2117.525166666667,612.9784166666667
SWE,2015,2213.7009166666667,620.571
SWE,2016,2354.246,641.8004999999999
SWE,2017,2549.7369166666667,654.9475
SWE,2018,2608.7564166666666,636.6682500000001
THA,2010,2985.8619166666667,1799.56175
THA,2011,3509.233833333333,2015.8216666666667
THA,2012,3693.1590833333335,2266.9495833333335
THA,2013,4522.048083333333,2655.865416666667
THA,2014,4266.2908333333335,3031.4119166666665
THA,2015,5111.421666666666,3787.737833333333
THA,2016,5672.225083333334,4321.441416666667
THA,2017,6044.995,4721.621749999999
THA,2018,6707.460916666667,4919.07975
TUR,2010,,
TUR,2011,,
TUR,2012,,
TUR,2013,,
TUR,2014,,
TUR,2015,,
TUR,2016,,
TUR,2017,,
TWN,2014,,
TWN,2015,,
TWN,2016,,
TWN,2017,,
UKR,2010,,
UKR,2011,,
UKR,2012,,
UKR,2013,,
UKR,2014,,
UKR,2015,,
UKR,2016,,
UKR,2017,,
URY,2010,,
URY,2011,,
URY,2012,,
USA,2010,7825.5,52720.0
USA,2011,7984.75,53464.583333333336
USA,2012,8139.75,53761.75
USA,2013,8357.333333333334,54020.75
USA,2014,8552.666666666666,55457.333333333336
USA,2015,8760.416666666666,58204.5
USA,2016,8875.75,60187.75
USA,2017,9139.25,62018.0
USA,2018,9431.75,65026.083333333336
ZAF,2014,,
ZAF,2015,,
ZAF,2016,,
ZAF,2017,,
