ISO3,Year,Categoria,PIB,PIB per capital,System
AUS,2010,Mixto,1148838233480.7195,52144.6654705468,Australia
AUS,2011,Mixto,1398610616772.9673,62605.600458306,Australia
AUS,2012,Mixto,1547532281116.3977,68072.8732340801,Australia
AUS,2013,Mixto,1577123329410.8835,68190.7010035651,Australia
AUS,2014,Mixto,1468265356427.763,62544.0873773726,Australia
AUS,2015,Mixto,1351296372254.314,56739.0265346593,Australia
AUS,2016,Mixto,1206836962281.8408,49888.0410842736,Australia
AUS,2017,Mixto,1325582658156.5354,53901.7145392154,Australia
AUS,2018,Mixto,1427809041019.4402,57196.4220783778,Australia
AUT,2010,Mixto,389827789217.6341,46611.1393420232,Austria
AUT,2011,Mixto,428954737064.05725,51116.8953522042,Austria
AUT,2012,Mixto,406750487603.5899,48250.4059142637,Austria
AUT,2013,Mixto,426580502769.4165,50305.3545774973,Austria
AUT,2014,Mixto,438556021078.0341,51314.9722616322,Austria
AUT,2015,Mixto,379546097300.6326,43915.228020857,Austria
AUT,2016,Mixto,393687359770.2733,45061.4993920192,Austria
AUT,2017,Mixto,414926138132.6913,47163.7425775142,Austria
AUT,2018,Mixto,452582294972.7754,51194.0749841299,Austria
BEL,2010,Mixto,481556503720.0009,44197.393671162,Belgium
BEL,2011,Mixto,527196649048.6392,47760.8298776546,Belgium
BEL,2012,Mixto,498414364944.96106,44874.1709182123,Belgium
BEL,2013,Mixto,524097026598.5505,46964.5946777056,Belgium
BEL,2014,Mixto,537987419164.3511,47995.7786961339,Belgium
BEL,2015,Mixto,461044767544.531,40893.804537772,Belgium
BEL,2016,Mixto,474271566739.7288,41854.5498296444,Belgium
BEL,2017,Mixto,500908767351.5303,44035.3239358548,Belgium
BEL,2018,Mixto,542638913427.9212,47487.2100392561,Belgium
BGR,2010,Mixto,50689051382.43607,6853.94805511171,Bulgaria
BGR,2011,Mixto,57681293006.97212,7849.58061302818,Bulgaria
BGR,2012,Mixto,54297052002.23383,7431.95789508871,Bulgaria
BGR,2013,Mixto,55819262374.903885,7795.98092108928,Bulgaria
BGR,2014,Mixto,57080897012.10772,8069.60005667684,Bulgaria
BGR,2015,Mixto,50765918159.14758,7268.65445473873,Bulgaria
BGR,2016,Mixto,53929397039.21061,7822.49923292968,Bulgaria
BGR,2017,Mixto,59167647387.60604,8696.68930427924,Bulgaria
BGR,2018,Mixto,66251582035.941154,9872.38507789106,Bulgaria
CHE,2010,Mixto,598851027947.7208,76531.3728182297,Switzerland
CHE,2011,Mixto,715888126682.3959,90476.7589651577,Switzerland
CHE,2012,Mixto,686420221557.9899,85836.2076767359,Switzerland
CHE,2013,Mixto,706234937370.9675,87304.3305813557,Switzerland
CHE,2014,Mixto,726537809429.5236,88724.9910735609,Switzerland
CHE,2015,Mixto,694118186379.6278,83806.4476003837,Switzerland
CHE,2016,Mixto,687895460902.7133,82153.0745447889,Switzerland
CHE,2017,Mixto,695200834102.0453,82254.3770471336,Switzerland
CHE,2018,Mixto,725568717468.0009,85217.3691512274,Switzerland
CHN,2010,Mixto,6192564874453.29,4629.24551710077,China
CHN,2011,Mixto,7671757207851.289,5703.76027973346,China
CHN,2012,Mixto,8673664713189.244,6405.0574241349,China
CHN,2013,Internacional,9743124247267.244,7147.03518622344,China
CHN,2014,Internacional,10674533168257.36,7781.06597484974,China
CHN,2015,Internacional,11280814787468.914,8175.33285077393,China
CHN,2016,Internacional,11456024084961.98,8254.86859320357,China
CHN,2017,Internacional,12537559062282.92,8979.67652709856,China
CHN,2018,Internacional,14147765772963.76,10085.6638148819,China
CHN,2019,Internacional,14560167101283.44,10342.9009524335,China
CYP,2010,Mixto,25799940077.607452,31105.02734375,Cyprus
CYP,2011,Mixto,27641547909.70109,32485.796875,Cyprus
CYP,2012,Mixto,25047436974.68195,28991.935546875,Cyprus
CYP,2013,Mixto,23959712860.83313,27797.45703125,Cyprus
CYP,2014,Mixto,23225918259.98236,27244.3515625,Cyprus
CYP,2015,Mixto,19909278416.857506,23487.228515625,Cyprus
CYP,2016,Mixto,21046462280.59786,24715.154296875,Cyprus
CYP,2017,Mixto,22946570628.7576,26696.990234375,Cyprus
CYP,2018,Mixto,25754001367.544785,29599.986328125,Cyprus
CZE,2010,Mixto,211168667286.26968,20160.4355077059,Czechia
CZE,2011,Mixto,231429378717.31192,22049.1080788682,Czechia
CZE,2012,Mixto,210363223087.72824,20014.0354015165,Czechia
CZE,2013,Mixto,213024360541.11865,20260.4954999375,Czechia
CZE,2014,Mixto,210911285077.68277,20038.4163180257,Czechia
CZE,2015,Mixto,189107698561.9188,17931.5987670768,Czechia
CZE,2016,Mixto,198160659303.93896,18753.9686718096,Czechia
CZE,2017,Mixto,221563575696.2173,20913.197632212,Czechia
CZE,2018,Mixto,251992360762.236,23705.9329811299,Czechia
DEU,2010,Hogareño,3468154343000.007,42409.9356994694,Germany
DEU,2011,Hogareño,3824828563521.408,47646.582043143,Germany
DEU,2012,Hogareño,3597896500945.3135,44735.5882319701,Germany
DEU,2013,Hogareño,3808086291482.364,47220.0102098851,Germany
DEU,2014,Hogareño,3965800686309.79,48971.0824722599,Germany
DEU,2015,Hogareño,3423568450957.0293,41911.0109851054,Germany
DEU,2016,Hogareño,3537784107980.553,42961.0356905775,Germany
DEU,2017,Hogareño,3763092263752.948,45526.5999576533,Germany
DEU,2018,Hogareño,4052008447223.5264,48874.8595028454,Germany
DNK,2010,Mixto,322345594075.47015,58104.5445594981,Denmark
DNK,2011,Mixto,344315595263.17456,61809.737898222,Denmark
DNK,2012,Mixto,326792574244.9627,58443.7747103968,Denmark
DNK,2013,Mixto,344631016965.12024,61377.5940590412,Denmark
DNK,2014,Mixto,352832602064.45154,62520.4509747011,Denmark
DNK,2015,Mixto,301758922337.6373,53094.0133607574,Denmark
DNK,2016,Mixto,312181849372.233,54500.9260410217,Denmark
DNK,2017,Mixto,331610593961.98785,57521.5514992225,Denmark
DNK,2018,Mixto,355293374912.39276,61324.7665045565,Denmark
ESP,2010,Hogareño,1427989078916.6694,30658.7422282912,Spain
ESP,2011,Hogareño,1487568659241.248,31824.6219134777,Spain
ESP,2012,Hogareño,1330994811670.3127,28456.4438151477,Spain
ESP,2013,Hogareño,1362186923157.651,29228.846559842,Spain
ESP,2014,Hogareño,1380244561361.956,29707.765509467,Spain
ESP,2015,Hogareño,1206164777553.1245,25982.4416197775,Spain
ESP,2016,Hogareño,1243015667917.1238,26755.6061149398,Spain
ESP,2017,Hogareño,1321754088818.826,28381.3425596906,Spain
ESP,2018,Hogareño,1431642809327.058,30602.4212881113,Spain
EST,2010,Mixto,19524355419.03797,14663.7041018705,Estonia
EST,2011,Mixto,23303915794.756855,17555.5455239426,Estonia
EST,2012,Mixto,23237406116.39883,17568.2137969714,Estonia
EST,2013,Mixto,25451032780.757328,19310.3874900757,Estonia
EST,2014,Mixto,27055689003.003822,20581.7898991695,Estonia
EST,2015,Mixto,23311847750.93944,17722.1557669523,Estonia
EST,2016,Mixto,24561027787.789555,18666.3736521706,Estonia
EST,2017,Mixto,27469461919.11887,20851.5223496861,Estonia
EST,2018,Mixto,31222632740.72468,23618.1361254581,Estonia
FIN,2010,Mixto,249429613683.3338,46506.2919016566,Finland
FIN,2011,Mixto,275126915515.56476,51060.3242589767,Finland
FIN,2012,Mixto,257443384492.9688,47551.6740841369,Finland
FIN,2013,Mixto,270268036626.27527,49691.0145200739,Finland
FIN,2014,Mixto,273478528954.901,50073.7760815871,Finland
FIN,2015,Mixto,233210733506.24988,42560.3456767103,Finland
FIN,2016,Mixto,238777818792.60757,43451.2562442158,Finland
FIN,2017,Mixto,253846138440.00043,46085.0174739036,Finland
FIN,2018,Mixto,273869255596.07825,49654.2497035329,Finland
FRA,2010,Hogareño,2646230027988.3384,40694.8211697025,France
FRA,2011,Hogareño,2870408553990.278,43929.7840873812,France
FRA,2012,Hogareño,2683007095787.227,40863.5814412333,France
FRA,2013,Hogareño,2816077607875.2627,42669.1795111893,France
FRA,2014,Hogareño,2861236112552.4214,43148.0459288416,France
FRA,2015,Hogareño,2442483452642.4985,36702.4323733379,France
FRA,2016,Hogareño,2470407619777.1265,37024.2157133669,France
FRA,2017,Hogareño,2588868323334.7104,38687.1626407164,France
FRA,2018,Hogareño,2781576320884.39,41418.1766484844,France
GBR,2010,Hogareño,2485482596184.7095,39598.957119545,United Kingdom
GBR,2011,Hogareño,2663805834828.0723,42109.6418795749,United Kingdom
GBR,2012,Hogareño,2707089726614.636,42490.1465463521,United Kingdom
GBR,2013,Hogareño,2784853502534.292,43419.0352598932,United Kingdom
GBR,2014,Hogareño,3064708247921.4277,47426.6209829995,United Kingdom
GBR,2015,Hogareño,2927911140916.731,44983.885522934,United Kingdom
GBR,2016,Hogareño,2689106566899.611,40988.1044233026,United Kingdom
GBR,2017,Hogareño,2680148052335.299,40629.2340347345,United Kingdom
GBR,2018,Hogareño,2871340347581.7856,43315.4874501318,United Kingdom
GRC,2010,Mixto,296417644404.0339,26653.0488008626,Greece
GRC,2011,Mixto,283228079776.04144,25504.7866510124,Greece
GRC,2012,Mixto,238841140018.23288,21624.346052551,Greece
GRC,2013,Mixto,236556279640.70535,21573.3449762805,Greece
GRC,2014,Mixto,233911581521.06232,21474.7257123892,Greece
GRC,2015,Mixto,194567373678.09912,17980.7298238137,Greece
GRC,2016,Mixto,193097239005.87012,17919.2426377048,Greece
GRC,2017,Mixto,200381103984.298,18631.9930129293,Greece
GRC,2018,Mixto,213298873494.3936,19873.4015238771,Greece
HRV,2010,Mixto,58981738868.75296,13731.2865213989,Croatia
HRV,2011,Mixto,62903737379.78343,14694.9993201417,Croatia
HRV,2012,Mixto,57551963753.2104,13508.6836989693,Croatia
HRV,2013,Mixto,59852401272.32039,14136.3967669505,Croatia
HRV,2014,Mixto,59612144078.413345,14187.9694531493,Croatia
HRV,2015,Mixto,51005200669.69412,12285.3032582105,Croatia
HRV,2016,Mixto,52654855638.1057,12821.1738140304,Croatia
HRV,2017,Mixto,56186190437.99587,13902.6310485422,Croatia
HRV,2018,Mixto,61668130122.58781,15460.4183295843,Croatia
HUN,2011,Mixto,141712804953.86835,14211.460557822,Hungary
HUN,2012,Mixto,128470269689.95816,12950.1594488143,Hungary
HUN,2013,Mixto,135646053778.58244,13739.4620151401,Hungary
HUN,2014,Mixto,141128696412.3213,14352.501883174,Hungary
HUN,2015,Mixto,125244126623.28946,12782.9412577973,Hungary
HUN,2016,Mixto,128983560865.29254,13215.8605277789,Hungary
HUN,2017,Mixto,143335098991.86218,14736.1668157258,Hungary
HUN,2018,Mixto,161184691013.83466,16605.0570511887,Hungary
IRL,2010,Mixto,221985621537.50043,48679.4026820361,Ireland
IRL,2011,Mixto,241337364609.73785,52692.7813135606,Ireland
IRL,2012,Mixto,227270922957.327,49411.7387476787,Ireland
IRL,2013,Mixto,243301556084.98892,52619.2123745817,Ireland
IRL,2014,Mixto,266787238499.03003,57278.2590911107,Ireland
IRL,2015,Mixto,302391428540.03467,64311.8234684057,Ireland
IRL,2016,Mixto,305733136180.907,64192.9418053178,Ireland
IRL,2017,Mixto,348532394023.5947,72198.1076995377,Ireland
IRL,2018,Mixto,395461216460.4177,80738.9628834696,Ireland
ISL,2017,Mixto,24728285177.460316,72010.1490316258,Iceland
ISL,2018,Mixto,26260850582.06868,74452.1890731447,Iceland
ITA,2010,Mixto,2144936254535.004,35856.8625485539,Italy
ITA,2011,Hogareño,2306974020278.215,38432.3742820019,Italy
ITA,2012,Hogareño,2097929495121.68,34854.3949441965,Italy
ITA,2013,Hogareño,2153225581941.457,35701.6746002376,Italy
ITA,2014,Hogareño,2173255507985.8352,36028.3494022349,Italy
ITA,2015,Hogareño,1845428048839.1008,30639.8829751432,Italy
ITA,2016,Hogareño,1887111188176.931,31391.5692898108,Italy
ITA,2017,Hogareño,1970720904584.7092,32844.115660604,Italy
ITA,2018,Hogareño,2099435266458.665,34904.1081923834,Italy
LTU,2010,Mixto,36638128534.06432,11829.122609457,Lithuania
LTU,2011,Mixto,43186501862.790695,14261.8433787325,Lithuania
LTU,2012,Mixto,42709372066.862656,14288.1853493139,Lithuania
LTU,2013,Mixto,46303660422.043365,15636.5252586048,Lithuania
LTU,2014,Mixto,48306546656.92814,16446.1647181663,Lithuania
LTU,2015,Mixto,41540954817.20389,14269.8039878287,Lithuania
LTU,2016,Mixto,42970749245.03357,14934.2702840428,Lithuania
LTU,2017,Mixto,47756764508.44596,16800.1510246099,Lithuania
LTU,2018,Mixto,54261795148.53722,19247.2315367967,Lithuania
LUX,2010,Mixto,56213985987.41678,110885.991378721,Luxembourg
LUX,2011,Mixto,61696281326.245255,119025.057203467,Luxembourg
LUX,2012,Mixto,59776383527.36017,112584.676270958,Luxembourg
LUX,2013,Mixto,65203276466.976265,120000.140729859,Luxembourg
LUX,2014,Mixto,68804811897.64447,123678.702143275,Luxembourg
LUX,2015,Mixto,60071584216.13747,105462.012584423,Luxembourg
LUX,2016,Mixto,62216885435.94879,106899.293549552,Luxembourg
LUX,2017,Mixto,65712180342.98364,110193.213797228,Luxembourg
LUX,2018,Mixto,71085623495.11446,116926.759593905,Luxembourg
LVA,2010,Mixto,23468324572.33428,11188.4191700977,Latvia
LVA,2011,Mixto,26575547900.824738,12902.574053337,Latvia
LVA,2012,Mixto,27116149948.668335,13329.3499931271,Latvia
LVA,2013,Mixto,29152128167.84381,14484.4715282132,Latvia
LVA,2014,Mixto,30277203767.405777,15185.814581236,Latvia
LVA,2015,Mixto,26344565876.89022,13321.9753140616,Latvia
LVA,2016,Mixto,27117105059.507458,13838.5266823272,Latvia
LVA,2017,Mixto,29391059767.425938,15132.4958333982,Latvia
LVA,2018,Mixto,33247935477.357624,17252.1710428626,Latvia
MLT,2010,Mixto,9097044182.15877,21946.6070188242,Malta
MLT,2011,Mixto,9789361705.089266,23516.9691282762,Malta
MLT,2012,Mixto,9609532105.589088,22878.3131257656,Malta
MLT,2013,Mixto,10796782633.52569,25415.5566806942,Malta
MLT,2014,Mixto,11888032861.804,27424.5765369278,Malta
MLT,2015,Mixto,11340795032.93036,25529.6813131565,Malta
MLT,2016,Mixto,12025782885.277184,26459.0772054811,Malta
MLT,2017,Mixto,14161366732.715322,30317.2443357939,Malta
MLT,2018,Mixto,16153779511.155882,33382.2677502638,Malta
NGA,2014,Mixto,574183763411.5076,3088.72131316169,Nigeria
NGA,2015,Mixto,493026682800.6295,2585.73360671797,Nigeria
NGA,2016,Mixto,404649125252.15955,2070.4127339595,Nigeria
NGA,2017,Mixto,375745731053.4268,1876.34027111773,Nigeria
NGA,2018,Mixto,421739251509.0796,2057.87944554011,Nigeria
NLD,2010,Mixto,852464982433.335,51305.7338533973,Netherlands
NLD,2011,Mixto,913140741332.6866,54701.7728030611,Netherlands
NLD,2012,Mixto,845689017065.6252,50473.9442002689,Netherlands
NLD,2013,Mixto,883951539006.6692,52602.2860520766,Netherlands
NLD,2014,Mixto,901556501756.4674,53457.2234864322,Netherlands
NLD,2015,Mixto,775743675302.734,45793.8135434697,Netherlands
NLD,2016,Mixto,797163949289.8853,46808.5291492503,Netherlands
NLD,2017,Mixto,848233537845.8838,49513.6817346384,Netherlands
NLD,2018,Mixto,929733599796.862,53955.0770024266,Netherlands
NOR,2010,Mixto,431052143940.4382,88163.2085931423,Norway
NOR,2011,Mixto,501360549669.4038,101221.813476644,Norway
NOR,2012,Mixto,512777309840.997,102175.919298374,Norway
NOR,2013,Mixto,526014468085.1064,103553.840134417,Norway
NOR,2014,Mixto,501736471832.84814,97666.6951838749,Norway
NOR,2015,Mixto,388159512245.53046,74809.9658049898,Norway
NOR,2016,Mixto,370956547619.0476,70867.3609970749,Norway
NOR,2017,Mixto,401745275035.26074,76131.8384032764,Norway
NOR,2018,Mixto,439788625883.7995,82792.8427113304,Norway
POL,2010,Mixto,478111630683.5141,12567.7317676382,Poland
POL,2011,Mixto,527848543023.4693,13867.6669408192,Poland
POL,2012,Mixto,498148649702.66,13087.420943321,Poland
POL,2013,Mixto,518179836405.3601,13621.9023794031,Poland
POL,2014,Mixto,542134167178.6268,14262.2841914116,Poland
POL,2015,Mixto,480054118583.3665,12637.5220324406,Poland
POL,2016,Mixto,473259623976.26245,12464.0121044827,Poland
POL,2017,Mixto,528356723263.0732,13913.3415190124,Poland
POL,2018,Mixto,594616632477.0186,15658.210586693,Poland
PRT,2010,Mixto,238443864993.21713,22551.935098809,Portugal
PRT,2011,Mixto,245426767676.00244,23246.5425416481,Portugal
PRT,2012,Mixto,216536676771.97272,20593.4274224109,Portugal
PRT,2013,Mixto,226677408291.74533,21676.4859642714,Portugal
PRT,2014,Mixto,230078616299.6753,22120.6850127107,Portugal
PRT,2015,Mixto,199038523119.63937,19215.7813014347,Portugal
PRT,2016,Mixto,206305431241.63824,19980.2808866516,Portugal
PRT,2017,Mixto,220862990767.2286,21442.3842768879,Portugal
PRT,2018,Mixto,242092894542.88766,23541.1401075289,Portugal
ROU,2010,Mixto,170064350671.8273,,Romania
ROU,2011,Mixto,192623977894.17337,,Romania
ROU,2012,Mixto,179117323107.08725,,Romania
ROU,2013,Mixto,189798603751.23535,,Romania
ROU,2014,Mixto,199722319675.74103,,Romania
ROU,2015,Mixto,177885131240.31528,,Romania
ROU,2016,Mixto,185290759248.84393,,Romania
ROU,2017,Mixto,210147385855.41937,,Romania
ROU,2018,Mixto,243468683030.3401,,Romania
SVK,2010,Mixto,91112160800.76685,,Slovakia
SVK,2011,Mixto,99705104723.43404,,Slovakia
SVK,2012,Mixto,94724394278.05196,,Slovakia
SVK,2013,Mixto,99134277850.34184,,Slovakia
SVK,2014,Mixto,101713075598.86238,,Slovakia
SVK,2015,Mixto,89178548717.33238,,Slovakia
SVK,2016,Mixto,90347173228.63564,,Slovakia
SVK,2017,Mixto,95978130734.97664,,Slovakia
SVK,2018,Mixto,106611673364.8368,,Slovakia
SVN,2010,Mixto,47793117240.90009,23329.8417691156,Slovenia
SVN,2011,Mixto,51199194599.30944,24940.6284841605,Slovenia
SVN,2012,Mixto,46167053954.33673,22442.1417859955,Slovenia
SVN,2013,Mixto,47867056858.88915,23236.9655321695,Slovenia
SVN,2014,Mixto,49514466379.605705,24013.0682060959,Slovenia
SVN,2015,Mixto,42709468274.81365,20697.2748530619,Slovenia
SVN,2016,Mixto,44290685824.0682,21447.8377796036,Slovenia
SVN,2017,Mixto,48153200134.66126,23303.077705959,Slovenia
SVN,2018,Mixto,53689067639.91761,25888.0481065655,Slovenia
SWE,2010,Mixto,492753255885.71826,52542.8274141037,Sweden
SWE,2011,Mixto,570541353128.7235,60379.7748160321,Sweden
SWE,2012,Mixto,549742183874.3553,57749.8251328664,Sweden
SWE,2013,Mixto,584128116410.29,60844.2767113975,Sweden
SWE,2014,Mixto,577730245154.1624,59583.7140001673,Sweden
SWE,2015,Mixto,501698263620.6632,51197.9529341175,Sweden
SWE,2016,Mixto,514218206628.3252,51820.3972482676,Sweden
SWE,2017,Mixto,536083940228.68365,53300.8587281785,Sweden
SWE,2018,Mixto,551312498430.1636,54181.9069780904,Sweden
THA,2010,Mixto,341104766329.1696,4973.86288823778,Thailand
THA,2011,Mixto,370818739623.62195,5373.6232832898,Thailand
THA,2012,Mixto,397558325278.5791,5725.52802835463,Thailand
THA,2013,Mixto,420333654592.54706,6018.08244729255,Thailand
THA,2014,Mixto,407339040197.6513,5801.1978916205,Thailand
THA,2015,Mixto,401296238228.0839,5688.85335397884,Thailand
THA,2016,Mixto,413366349747.5081,5833.57715617098,Thailand
THA,2017,Mixto,456356813536.7637,6413.09182530343,Thailand
THA,2018,Mixto,506754208404.4847,7099.77650081458,Thailand
USA,2010,Internacional,15048971000000.0,48642.6312088213,United States
USA,2011,Internacional,15599732000000.0,50024.8812320773,United States
USA,2012,Internacional,16253970000000.0,51708.3940614082,United States
USA,2013,Internacional,16880683000000.0,53297.3862901595,United States
USA,2014,Internacional,17608138000000.0,55153.3940182967,United States
USA,2015,Internacional,18295019000000.0,56849.4697923159,United States
USA,2016,Internacional,18804913000000.0,57976.628204291,United States
USA,2017,Internacional,19612102000000.0,60047.7190728307,United States
USA,2018,Internacional,20656516000000.0,62875.6661382728,United States
ALB,2010,Indefinido,12086545641.299042,4149.14469936847,Albania
ALB,2011,Indefinido,12973755874.536465,4465.70914328865,Albania
ALB,2012,Indefinido,12246499747.971436,4222.3470988913,Albania
ALB,2013,Indefinido,12796985886.147848,4420.23461988353,Albania
ALB,2014,Indefinido,13296322588.168371,4602.23051443229,Albania
ALB,2015,Indefinido,11470171826.95748,3981.72662261867,Albania
ALB,2016,Indefinido,11988668784.662786,4168.37544462548,Albania
ALB,2017,Indefinido,13258268435.604792,4614.0479692596,Albania
ARE,2014,Indefinido,414105366752.8931,51381.4069901746,United Arab Emirates
ARE,2015,Indefinido,370275469571.1368,43534.9972694631,United Arab Emirates
ARE,2016,Indefinido,369255326235.5344,41326.4018161569,United Arab Emirates
ARE,2017,Indefinido,390516804029.95233,42340.5917160161,United Arab Emirates
ARG,2017,Indefinido,643628393281.364,14532.5009308511,Argentina
ARM,2011,Indefinido,10142111824.583546,3349.55309771906,Armenia
ARM,2012,Indefinido,10619320682.947445,3511.56399687426,Armenia
ARM,2013,Indefinido,11121464437.04153,3680.16692158886,Armenia
ARM,2014,Indefinido,11609513246.795769,3852.11800610384,Armenia
ARM,2015,Indefinido,10553337518.414,3512.39350276709,Armenia
ARM,2016,Indefinido,10546136235.521862,3524.42476874707,Armenia
ARM,2017,Indefinido,11527458709.015797,3869.05373867752,Armenia
BHR,2014,Indefinido,34772526595.74468,26451.7965647453,Bahrain
BHR,2015,Indefinido,32523297872.340424,23734.0551143019,Bahrain
BHR,2016,Indefinido,33884680851.06383,23800.001440631,Bahrain
BHR,2017,Indefinido,37204813829.78723,24784.7693514607,Bahrain
BIH,2010,Indefinido,17176315803.729836,4506.47828548389,Bosnia and Herzegovina
BIH,2011,Indefinido,18644233537.109337,4982.69375768263,Bosnia and Herzegovina
BIH,2012,Indefinido,17226735995.690475,4693.78899115381,Bosnia and Herzegovina
BIH,2013,Indefinido,18179108530.526096,5034.56616016469,Bosnia and Herzegovina
BIH,2014,Indefinido,18558733564.4692,5206.06558252,Bosnia and Herzegovina
BIH,2015,Indefinido,16404348871.443705,4662.25883724069,Bosnia and Herzegovina
BIH,2016,Indefinido,17116926327.624697,4928.5665251728,Bosnia and Herzegovina
BIH,2017,Indefinido,18326373366.110527,5345.01985489192,Bosnia and Herzegovina
BLR,2010,Indefinido,57231904542.87547,,Belarus
BLR,2011,Indefinido,61762382327.93193,,Belarus
BLR,2017,Indefinido,54725405751.15585,,Belarus
BRA,2010,Indefinido,2208837745100.547,11403.2821278747,Brazil
BRA,2011,Indefinido,2616156223917.687,13396.6243562986,Brazil
BRA,2012,Indefinido,2465227802806.762,12521.7213519966,Brazil
BRA,2013,Indefinido,2472819535557.2056,12458.8912138813,Brazil
BRA,2014,Indefinido,2456043727198.8545,12274.9939689363,Brazil
BRA,2015,Indefinido,1802212206814.504,8936.19661712113,Brazil
BRA,2016,Indefinido,1795693482853.0127,8836.28652735657,Brazil
BRA,2017,Indefinido,2063514977365.6548,10080.5092819305,Brazil
BRB,2015,Indefinido,5288057750.0,18954.2913724506,Barbados
BRB,2016,Indefinido,5330761500.0,19065.8069800213,Barbados
BRB,2017,Indefinido,5517340450.0,19692.7606711615,Barbados
CAN,2010,Indefinido,1617343367486.2583,47560.6666009406,Canada
CAN,2011,Indefinido,1793326630174.5186,52223.8588398531,Canada
CAN,2012,Indefinido,1828366481521.5952,52670.3447335415,Canada
CAN,2013,Indefinido,1846597421834.9832,52638.1187235237,Canada
CAN,2014,Indefinido,1805749878439.9412,50960.8431174661,Canada
CAN,2015,Indefinido,1556508816217.14,43594.1941045394,Canada
CAN,2016,Indefinido,1527994741907.425,42314.0615817218,Canada
CAN,2017,Indefinido,1649265644244.095,45129.628116623,Canada
CAN,2018,Indefinido,1725329192783.024,46539.1761570405,Canada
CHL,2010,Indefinido,217051209238.53412,12632.8704724192,Chile
CHL,2011,Indefinido,251382573893.86972,14487.3927832032,Chile
CHL,2012,Indefinido,267024782486.8547,15241.9069981119,Chile
CHL,2013,Indefinido,277395018842.4165,15683.5486369155,Chile
CHL,2014,Indefinido,259560978224.3589,14529.6767206336,Chile
COL,2010,Indefinido,286498534094.96326,6398.2958447102,Colombia
COL,2011,Indefinido,334966134804.887,7400.9940695669,Colombia
COL,2012,Indefinido,370691143018.0392,8108.59838244229,Colombia
COL,2013,Indefinido,382093697077.68494,8279.10255642981,Colombia
COL,2014,Indefinido,381240864422.4066,8187.20824890084,Colombia
COL,2015,Indefinido,293492370193.1661,6248.51490534512,Colombia
COL,2016,Indefinido,282720100286.22815,5959.84250367574,Colombia
CRI,2016,Indefinido,58847019609.74302,12091.0301606335,Costa Rica
CRI,2017,Indefinido,60516044656.52976,12317.0902771322,Costa Rica
CYM,2015,Indefinido,4708167232.668931,,Cayman Islands
CYM,2016,Indefinido,4909322237.288949,,Cayman Islands
DOM,2010,Indefinido,53801053352.5005,5478.62470398954,Dominican Republic
DOM,2011,Indefinido,57948261615.957016,5826.51014109195,Dominican Republic
DOM,2012,Indefinido,60561635555.63829,6013.81965002603,Dominican Republic
DOM,2013,Indefinido,62555417414.58201,6136.59429329301,Dominican Republic
DOM,2014,Indefinido,67014329099.55489,6496.45166971142,Dominican Republic
DOM,2015,Indefinido,70966782572.4386,6800.95309395474,Dominican Republic
DOM,2016,Indefinido,75552902635.70749,7160.44200982307,Dominican Republic
ECU,2010,Indefinido,68151329000.0,4520.30959039763,Ecuador
ECU,2011,Indefinido,78986648000.0,5153.6916424375,Ecuador
ECU,2012,Indefinido,87735048000.0,5634.08393191094,Ecuador
EGY,2014,Indefinido,305595408895.26544,,Egypt
EGY,2015,Indefinido,329366576819.407,,Egypt
EGY,2016,Indefinido,332441717791.411,,Egypt
EGY,2017,Indefinido,248362771739.13043,,Egypt
FRO,2015,Indefinido,2573905971.054594,52635.0375463609,Faroe Islands
FRO,2016,Indefinido,2813278868.782085,56875.2803813296,Faroe Islands
FRO,2017,Indefinido,2980057377.879666,59387.353086482,Faroe Islands
GEO,2010,Indefinido,12426907967.157818,3281.72930937343,Georgia
GEO,2011,Indefinido,15475290469.286894,4119.66818307193,Georgia
GEO,2012,Indefinido,16894392033.225578,4530.69533409431,Georgia
GEO,2013,Indefinido,17517660143.685932,4712.00229382665,Georgia
GEO,2014,Indefinido,17966015109.304302,4830.33486170249,Georgia
GEO,2015,Indefinido,15223796148.83962,4086.6223465965,Georgia
GEO,2016,Indefinido,15444548901.963682,4143.40125686315,Georgia
GEO,2017,Indefinido,16473125375.068438,4418.75206546679,Georgia
GIB,2010,Indefinido,,,Gibraltar
GIB,2011,Indefinido,,,Gibraltar
GIB,2012,Indefinido,,,Gibraltar
GIB,2013,Indefinido,,,Gibraltar
GIB,2014,Indefinido,,,Gibraltar
GIB,2015,Indefinido,,,Gibraltar
GIB,2016,Indefinido,,,Gibraltar
GIB,2017,Indefinido,,,Gibraltar
GLP,2010,Indefinido,,,Guadeloupe
GLP,2011,Indefinido,,,Guadeloupe
GLP,2012,Indefinido,,,Guadeloupe
GLP,2013,Indefinido,,,Guadeloupe
GLP,2014,Indefinido,,,Guadeloupe
GLP,2015,Indefinido,,,Guadeloupe
GLP,2016,Indefinido,,,Guadeloupe
GLP,2017,Indefinido,,,Guadeloupe
GTM,2014,Indefinido,57852152955.038994,3689.14471813777,Guatemala
GTM,2015,Indefinido,62186064757.9334,3893.50522093509,Guatemala
GTM,2016,Indefinido,66053403363.73841,4060.13754974186,Guatemala
GTM,2017,Indefinido,71653754107.10403,4324.99608157801,Guatemala
HKG,2014,Indefinido,291459995978.8927,,Hong Kong
HKG,2015,Indefinido,309385622601.3481,,Hong Kong
HKG,2016,Indefinido,320860317562.5624,,Hong Kong
HKG,2017,Indefinido,341273289534.46594,,Hong Kong
HUN,2010,Indefinido,131898737241.16628,13189.8433874768,Hungary
IND,2014,Indefinido,2039126479154.5168,1553.88396075118,India
IND,2015,Indefinido,2103588360044.9392,1583.99815907985,India
IND,2016,Indefinido,2294796885663.163,1707.50892912243,India
IND,2017,Indefinido,2651474262755.452,1950.10468280866,India
ISL,2010,Indefinido,13751161917.739773,43237.0729488958,Iceland
ISL,2011,Indefinido,15221622925.931889,47714.5922308485,Iceland
ISL,2012,Indefinido,14751508133.544275,45995.5478789467,Iceland
ISL,2013,Indefinido,16125060515.31174,49804.9829978371,Iceland
ISL,2014,Indefinido,17867662177.89113,54576.7448146565,Iceland
ISL,2015,Indefinido,17517210519.091156,52951.6815110898,Iceland
ISL,2016,Indefinido,20793168030.952427,61987.9263620283,Iceland
ISR,2014,Indefinido,315017088116.7157,38343.3046626235,Israel
ISR,2015,Indefinido,303469434072.2956,36213.1041481958,Israel
ISR,2016,Indefinido,321940971558.01636,37671.5389138798,Israel
ISR,2017,Indefinido,358451839052.99084,41138.470964272,Israel
JAM,2016,Indefinido,14077096676.621284,5009.79448724295,Jamaica
JAM,2017,Indefinido,14808985132.772173,5259.31332766957,Jamaica
JPN,2014,Indefinido,4896994405353.292,38475.3952461838,Japan
JPN,2015,Indefinido,4444930651964.18,34960.6393843385,Japan
JPN,2016,Indefinido,5003677627544.24,39375.4731620781,Japan
JPN,2017,Indefinido,4930837369151.422,38834.0529341227,Japan
KHM,2014,Indefinido,22041463967.90093,1431.56396469993,Cambodia
KHM,2015,Indefinido,24174170369.07381,1547.32010444393,Cambodia
KHM,2016,Indefinido,26556545153.3573,1675.19555711109,Cambodia
KHM,2017,Indefinido,29355665909.790527,1826.35391688754,Cambodia
KOR,2014,Indefinido,1484488526271.7983,,"Korea, Republic of"
KOR,2015,Indefinido,1466038936206.4275,,"Korea, Republic of"
KOR,2016,Indefinido,1499679823909.6116,,"Korea, Republic of"
KOR,2017,Indefinido,1623074183501.9038,,"Korea, Republic of"
KOS,2010,Indefinido,,,Desconocido
KOS,2011,Indefinido,,,Desconocido
KOS,2012,Indefinido,,,Desconocido
KOS,2013,Indefinido,,,Desconocido
KOS,2014,Indefinido,,,Desconocido
KOS,2015,Indefinido,,,Desconocido
KOS,2016,Indefinido,,,Desconocido
KOS,2017,Indefinido,,,Desconocido
LCA,2015,Indefinido,1807640740.7407403,,Saint Lucia
LCA,2016,Indefinido,1868544444.4444444,,Saint Lucia
LCA,2017,Indefinido,1998503703.7037036,,Saint Lucia
MAC,2014,Indefinido,54902831793.50177,,Macao
MAC,2015,Indefinido,45048190598.32485,,Macao
MAC,2016,Indefinido,45070808688.96109,,Macao
MAC,2017,Indefinido,50383871120.87327,,Macao
MAR,2010,Indefinido,100865329473.43983,3067.9853515625,Morocco
MAR,2011,Indefinido,110080631332.37537,3301.98876953125,Morocco
MAR,2012,Indefinido,106937392311.12907,3164.17724609375,Morocco
MAR,2013,Indefinido,115739287305.0801,3379.7431640625,Morocco
MAR,2014,Indefinido,119130841411.6636,3435.40698242188,Morocco
MDA,2010,Indefinido,6974982369.601547,,"Moldova, Republic of"
MDA,2011,Indefinido,8414352020.494416,,"Moldova, Republic of"
MDA,2012,Indefinido,8709138634.82921,,"Moldova, Republic of"
MDA,2013,Indefinido,9496717875.519316,,"Moldova, Republic of"
MDA,2014,Indefinido,9402090137.742302,,"Moldova, Republic of"
MDA,2015,Indefinido,7797667196.730872,,"Moldova, Republic of"
MDA,2016,Indefinido,7980917075.774796,,"Moldova, Republic of"
MDA,2017,Indefinido,9514404016.209494,,"Moldova, Republic of"
MEX,2010,Indefinido,1105424238572.815,9728.80078237782,Mexico
MEX,2011,Indefinido,1229013703577.7458,10664.4944046282,Mexico
MEX,2012,Indefinido,1255110424665.9202,10744.1335229686,Mexico
MEX,2013,Indefinido,1327436290439.2676,11216.800851866,Mexico
MEX,2014,Indefinido,1364507717764.5957,11391.3773510244,Mexico
MEX,2015,Indefinido,1213294467779.9788,10021.2386124039,Mexico
MEX,2016,Indefinido,1112233497452.6975,9097.92397674769,Mexico
MEX,2017,Indefinido,1190721475906.0,9649.27816772402,Mexico
MKD,2011,Indefinido,10494626767.64451,,North Macedonia
MKD,2012,Indefinido,9745261300.577885,,North Macedonia
MKD,2013,Indefinido,10817702346.067411,,North Macedonia
MKD,2014,Indefinido,11362265252.777998,,North Macedonia
MKD,2015,Indefinido,10064519962.565548,,North Macedonia
MKD,2016,Indefinido,10672467073.287252,,North Macedonia
MKD,2017,Indefinido,11307067069.66582,,North Macedonia
MNE,2011,Indefinido,4544428421.495127,7325.64689244715,Montenegro
MNE,2012,Indefinido,4087526241.812683,6577.74033229273,Montenegro
MNE,2013,Indefinido,4465772400.37453,7172.92908521143,Montenegro
MNE,2014,Indefinido,4593853290.963004,7364.96590101549,Montenegro
MNE,2015,Indefinido,4054730077.577178,6491.19280618646,Montenegro
MNE,2016,Indefinido,4376930578.323949,6999.1358134109,Montenegro
MNE,2017,Indefinido,4856599480.79882,7758.36921956034,Montenegro
MTQ,2010,Indefinido,,,Martinique
MTQ,2011,Indefinido,,,Martinique
MTQ,2012,Indefinido,,,Martinique
MTQ,2013,Indefinido,,,Martinique
MTQ,2014,Indefinido,,,Martinique
MTQ,2015,Indefinido,,,Martinique
MYS,2014,Indefinido,338066095097.2544,11013.3107334403,Malaysia
MYS,2015,Indefinido,301355266964.9473,9648.6797937523,Malaysia
MYS,2016,Indefinido,301256033870.33356,9476.53409809923,Malaysia
MYS,2017,Indefinido,319109094160.3431,9862.54806612235,Malaysia
NZL,2014,Indefinido,201518402787.3799,,New Zealand
NZL,2015,Indefinido,178224167087.9897,,New Zealand
NZL,2016,Indefinido,189100085275.23016,,New Zealand
NZL,2017,Indefinido,206745969246.07333,,New Zealand
OMN,2014,Indefinido,92699089726.91808,23160.6502252547,Oman
OMN,2015,Indefinido,78710793237.97139,18808.3077921839,Oman
OMN,2016,Indefinido,75128738621.58647,17110.1897460545,Oman
OMN,2017,Indefinido,80856697009.10272,17820.0661809335,Oman
PAN,2010,Indefinido,30231009500.0,8331.46421351868,Panama
PAN,2011,Indefinido,35687738300.0,9662.29592216607,Panama
PAN,2012,Indefinido,41595439700.0,11064.8063606203,Panama
PAN,2013,Indefinido,46949496500.0,12273.3225037637,Panama
PAN,2014,Indefinido,51427104900.0,13213.1989637473,Panama
PAN,2015,Indefinido,55767806100.0,14082.6548502728,Panama
PAN,2016,Indefinido,59760858700.0,14832.3611608191,Panama
PAN,2017,Indefinido,64327688800.0,15694.6297454295,Panama
PER,2010,Indefinido,147527631520.7292,5072.11494019615,Peru
PER,2011,Indefinido,171761737046.58508,5861.35793645245,Peru
PER,2012,Indefinido,192650021648.5832,6519.37852981527,Peru
PER,2013,Indefinido,201175543571.3918,6746.80025696601,Peru
PER,2014,Indefinido,200786250582.94272,6667.13410360861,Peru
PER,2015,Indefinido,189802976285.61893,6231.71150338894,Peru
PER,2016,Indefinido,191898104390.37863,6217.03599995447,Peru
PER,2017,Indefinido,211007984080.91055,6736.16693725487,Peru
PHL,2014,Indefinido,297483555338.0443,2866.83803761407,Philippines
PHL,2015,Indefinido,306445871242.32245,2909.85818010301,Philippines
PHL,2016,Indefinido,318627003016.73126,2985.19564024046,Philippines
PHL,2017,Indefinido,328480736802.7598,3038.12124959289,Philippines
PRY,2010,Indefinido,27260886405.226337,4750.96273669322,Paraguay
PRY,2011,Indefinido,33756238766.500004,5805.40154543044,Paraguay
PRY,2012,Indefinido,33271921136.314976,5642.1699167298,Paraguay
PRY,2013,Indefinido,38501122141.424126,6435.68342733182,Paraguay
PRY,2014,Indefinido,40377929295.64187,6652.25478942291,Paraguay
PRY,2015,Indefinido,36211447840.09714,5879.33792308671,Paraguay
PRY,2016,Indefinido,36089700222.946144,5775.1596339946,Paraguay
PRY,2017,Indefinido,38997129473.55579,6152.26711537703,Paraguay
RUS,2010,Indefinido,1524916715223.946,,Russian Federation
RUS,2011,Indefinido,2045922753398.036,,Russian Federation
RUS,2012,Indefinido,2208293553878.4243,,Russian Federation
RUS,2013,Indefinido,2292470078346.2236,,Russian Federation
RUS,2014,Indefinido,2059241589895.015,,Russian Federation
RUS,2015,Indefinido,1363482182197.705,,Russian Federation
RUS,2016,Indefinido,1276786350881.137,,Russian Federation
RUS,2017,Indefinido,1574199360089.0022,,Russian Federation
SGP,2014,Indefinido,314863580758.45465,57564.8023114977,Singapore
SGP,2015,Indefinido,307998545269.39795,55645.6068614606,Singapore
SGP,2016,Indefinido,319646468521.49695,57005.5887176547,Singapore
SGP,2017,Indefinido,343673334902.32996,61236.251270627,Singapore
SLV,2010,Indefinido,18447920000.0,3040.07300952878,El Salvador
SLV,2011,Indefinido,20283780000.0,3330.60049486653,El Salvador
SLV,2012,Indefinido,21386150000.0,3497.91256915509,El Salvador
SLV,2013,Indefinido,21990960000.0,3582.26694005169,El Salvador
SLV,2014,Indefinido,22593470000.0,3666.01248913873,El Salvador
SLV,2015,Indefinido,23438240000.0,3790.34089108162,El Salvador
SLV,2016,Indefinido,24191430000.0,3901.34014965811,El Salvador
SLV,2017,Indefinido,24979190000.0,4020.12671373919,El Salvador
SRB,2010,Indefinido,43536629233.14237,5970.92660940072,Serbia
SRB,2011,Indefinido,51251098408.09236,7082.2861666075,Serbia
SRB,2012,Indefinido,45103269969.41118,6263.04086072815,Serbia
SRB,2013,Indefinido,50455529604.06957,7040.41812068781,Serbia
SRB,2014,Indefinido,49114321280.34665,6886.67809068704,Serbia
SRB,2015,Indefinido,41297410634.9586,5820.3215576888,Serbia
SRB,2016,Indefinido,42225495909.56332,5982.37030126471,Serbia
SRB,2017,Indefinido,45972834713.80773,6548.03653824187,Serbia
TUR,2010,Indefinido,776967266305.5303,10622.7020439723,Türkiye
TUR,2011,Indefinido,838785289694.35,11300.7852215681,Türkiye
TUR,2012,Indefinido,880555885492.2687,11713.2849831139,Türkiye
TUR,2013,Indefinido,957799120008.3204,12578.1878632,Türkiye
TUR,2014,Indefinido,938934609296.9656,12165.220135038,Türkiye
TUR,2015,Indefinido,864313810469.0094,11049.9951100942,Türkiye
TUR,2016,Indefinido,869682881593.0414,10970.0458948862,Türkiye
TUR,2017,Indefinido,858988492853.742,10695.550196231,Türkiye
TWN,2014,Indefinido,,,"Taiwan, Province of China"
TWN,2015,Indefinido,,,"Taiwan, Province of China"
TWN,2016,Indefinido,,,"Taiwan, Province of China"
TWN,2017,Indefinido,,,"Taiwan, Province of China"
UKR,2010,Indefinido,141209170427.2334,3039.63232421875,Ukraine
UKR,2011,Indefinido,169333835201.5541,3656.69799804688,Ukraine
UKR,2012,Indefinido,182591753827.9488,3951.34228515625,Ukraine
UKR,2013,Indefinido,190498811460.02753,4129.89697265625,Ukraine
UKR,2014,Indefinido,133503871861.7233,3054.908203125,Ukraine
UKR,2015,Indefinido,91030967789.07176,2094.47387695313,Ukraine
UKR,2016,Indefinido,93355869403.92232,2158.46118164063,Ukraine
UKR,2017,Indefinido,112090505081.73862,2604.28759765625,Ukraine
URY,2010,Indefinido,41950361211.95806,12641.0576849008,Uruguay
URY,2011,Indefinido,50342406067.07767,15132.2675725587,Uruguay
URY,2012,Indefinido,54232266358.781075,16259.5940814256,Uruguay
ZAF,2014,Indefinido,381198869776.10565,6856.73137092522,South Africa
ZAF,2015,Indefinido,346709790458.56305,6112.27382485974,South Africa
ZAF,2016,Indefinido,323585509674.4806,5651.20585165749,South Africa
ZAF,2017,Indefinido,381448814653.4564,6618.33508255701,South Africa
